ID,saleID,productID,quantity
1,64,50,9
2,1006,11,7
3,1792,76,2
4,1762,11,2
5,1928,94,5
6,908,12,8
7,20,93,4
8,850,86,7
9,866,69,5
10,1014,66,9
11,1324,29,3
12,1009,31,6
13,298,62,4
14,587,98,1
15,462,66,3
16,883,42,6
17,190,75,1
18,1452,48,3
19,1727,8,3
20,1722,59,9
21,794,40,9
22,800,62,5
23,1786,21,9
24,849,95,6
25,1767,78,7
26,1643,29,5
27,499,34,4
28,299,68,6
29,1510,95,6
30,933,56,4
31,741,60,7
32,866,4,1
33,582,10,1
34,382,59,8
35,1357,33,5
36,721,44,8
37,311,4,2
38,791,47,9
39,1896,43,2
40,699,58,7
41,800,14,6
42,1348,6,5
43,808,23,3
44,1517,40,1
45,93,79,1
46,837,93,8
47,1990,63,4
48,856,32,1
49,1046,42,4
50,1707,82,6
51,700,53,1
52,1282,70,9
53,533,9,6
54,863,96,9
55,907,63,2
56,850,77,10
57,1487,93,7
58,1253,98,4
59,459,20,2
60,706,27,4
61,1060,77,6
62,696,57,6
63,1453,18,10
64,199,67,5
65,1934,57,9
66,1927,98,10
67,433,92,3
68,1700,24,2
69,892,56,4
70,1316,12,9
71,1053,8,10
72,1030,17,8
73,1777,74,2
74,21,6,2
75,1667,16,4
76,178,67,6
77,1621,13,5
78,747,8,3
79,933,1,1
80,1984,84,1
81,671,24,8
82,824,56,7
83,1279,96,2
84,291,90,5
85,1012,17,5
86,325,26,6
87,1529,78,6
88,1578,11,7
89,87,12,5
90,1801,17,3
91,1761,52,9
92,1814,1,4
93,406,13,6
94,589,45,8
95,1369,96,9
96,1990,13,8
97,822,15,2
98,692,82,5
99,1418,51,5
100,1240,7,8
101,356,28,4
102,1664,5,9
103,1868,55,4
104,46,77,2
105,689,72,8
106,1255,3,9
107,1113,82,4
108,201,96,2
109,944,26,2
110,1547,36,7
111,1510,40,8
112,1674,8,6
113,949,18,7
114,1200,78,10
115,1493,50,2
116,1675,47,10
117,1556,96,5
118,1984,67,4
119,1393,24,3
120,597,26,7
121,1340,88,4
122,419,39,8
123,1439,22,6
124,1268,79,3
125,920,30,6
126,1666,15,10
127,390,60,4
128,1613,83,6
129,1146,77,4
130,674,48,3
131,1939,7,5
132,1560,65,3
133,1819,92,10
134,1109,81,7
135,212,80,6
136,1920,96,10
137,10,20,7
138,483,69,9
139,230,75,2
140,1488,75,1
141,1960,63,8
142,1664,68,1
143,1333,9,8
144,96,26,5
145,1397,62,1
146,799,80,1
147,1192,40,8
148,54,16,6
149,1105,2,6
150,1595,23,6
151,863,36,7
152,1265,56,2
153,1354,24,10
154,1870,40,6
155,818,82,10
156,982,73,6
157,1542,57,2
158,1202,88,2
159,1119,45,6
160,854,12,10
161,181,42,3
162,1132,65,5
163,1096,81,2
164,384,65,6
165,1389,66,1
166,288,57,7
167,847,84,9
168,936,33,4
169,939,55,1
170,1063,0,8
171,1783,21,10
172,834,55,6
173,1482,79,10
174,582,84,9
175,1280,36,9
176,1984,65,9
177,346,79,4
178,1440,34,2
179,134,84,3
180,686,62,10
181,1895,94,10
182,754,63,9
183,1422,12,1
184,104,14,8
185,60,72,7
186,1878,32,9
187,1719,92,6
188,1547,27,6
189,1483,66,10
190,233,51,9
191,1217,93,1
192,702,76,2
193,259,82,3
194,1807,31,3
195,501,75,6
196,556,47,7
197,678,92,10
198,1134,71,8
199,1577,87,1
200,802,96,5
201,589,4,1
202,1295,4,10
203,198,74,1
204,1947,17,7
205,1650,68,10
206,904,41,7
207,993,24,9
208,1236,17,6
209,848,73,7
210,1791,23,10
211,649,36,1
212,369,13,8
213,418,26,6
214,1665,94,8
215,123,40,5
216,775,5,1
217,1726,84,2
218,1048,79,6
219,1352,68,9
220,1644,12,3
221,181,97,1
222,290,73,6
223,712,0,9
224,977,19,8
225,1201,33,8
226,630,95,9
227,1606,55,7
228,345,61,8
229,1586,8,9
230,361,3,7
231,768,84,2
232,1305,41,7
233,14,15,8
234,1959,61,6
235,145,88,5
236,1463,4,1
237,1724,92,10
238,1060,14,6
239,1364,74,4
240,184,10,3
241,772,93,3
242,1225,61,6
243,1231,38,10
244,1755,80,7
245,1966,60,8
246,1844,37,7
247,130,33,1
248,1306,28,3
249,205,81,4
250,144,29,3
251,1827,90,1
252,439,69,3
253,542,30,6
254,315,24,9
255,1968,39,10
256,1115,9,3
257,618,72,5
258,926,85,6
259,1608,51,2
260,1201,45,6
261,1149,36,6
262,703,96,3
263,174,24,10
264,1771,29,8
265,985,12,2
266,169,19,4
267,931,69,2
268,1955,81,4
269,980,68,8
270,1861,76,9
271,1239,21,10
272,1914,4,8
273,674,10,6
274,842,10,6
275,596,72,9
276,1846,68,8
277,1639,61,6
278,935,79,4
279,1806,83,3
280,1917,95,8
281,852,70,8
282,1721,22,8
283,1171,63,1
284,279,21,1
285,1908,40,2
286,1711,71,5
287,596,74,7
288,1927,70,7
289,1083,38,5
290,1570,40,10
291,694,33,8
292,547,16,5
293,1011,32,7
294,1210,2,4
295,111,66,3
296,338,70,4
297,1371,4,10
298,1988,6,6
299,1976,75,5
300,346,68,1
301,518,68,2
302,55,50,8
303,1795,10,6
304,52,0,5
305,1860,8,3
306,1373,95,7
307,1122,96,4
308,1808,16,10
309,696,12,7
310,534,48,2
311,1436,41,9
312,1403,22,1
313,367,67,8
314,63,57,2
315,1076,77,8
316,1544,77,5
317,1729,57,5
318,986,11,1
319,337,4,6
320,851,59,9
321,1039,23,2
322,287,14,3
323,683,59,9
324,1784,13,9
325,847,94,4
326,8,58,6
327,513,47,6
328,1802,78,3
329,207,42,1
330,402,37,4
331,684,97,6
332,969,44,3
333,525,96,1
334,1382,44,5
335,567,36,6
336,1508,24,9
337,1769,83,10
338,478,12,5
339,1014,68,1
340,1188,2,8
341,1135,87,10
342,1997,53,4
343,232,67,4
344,1521,77,10
345,1419,37,3
346,1008,28,9
347,1811,37,3
348,278,13,7
349,130,95,3
350,776,59,9
351,162,29,3
352,889,3,2
353,1650,44,5
354,32,26,9
355,1493,63,10
356,1342,89,9
357,175,72,8
358,835,95,10
359,318,34,4
360,689,20,8
361,1010,2,3
362,527,90,10
363,332,7,2
364,138,67,1
365,1159,47,4
366,30,51,5
367,1725,20,10
368,1027,26,2
369,346,12,4
370,1275,90,8
371,189,46,5
372,1566,47,9
373,86,16,2
374,1608,46,9
375,1581,94,4
376,635,29,2
377,1299,27,8
378,885,21,10
379,90,79,5
380,1022,96,4
381,1187,98,4
382,453,48,10
383,884,14,10
384,453,89,8
385,1041,32,2
386,1794,83,4
387,48,80,6
388,816,52,9
389,109,3,10
390,1673,81,10
391,1586,20,3
392,1953,56,1
393,1151,37,9
394,904,11,8
395,834,12,1
396,1259,70,8
397,1934,46,5
398,779,26,9
399,946,9,4
400,1056,37,3
401,1397,70,2
402,29,47,9
403,530,92,8
404,27,10,10
405,1259,8,2
406,803,93,9
407,1992,78,7
408,1493,76,8
409,1028,61,5
410,1356,94,6
411,695,11,4
412,1611,84,4
413,384,52,5
414,1229,0,8
415,227,19,5
416,661,67,3
417,103,51,2
418,1073,59,2
419,70,85,10
420,858,61,10
421,103,91,4
422,1044,1,9
423,1115,37,1
424,1847,98,7
425,514,50,6
426,1176,1,2
427,460,46,10
428,391,84,3
429,1920,65,8
430,1305,6,8
431,306,96,10
432,710,65,8
433,1173,33,7
434,371,99,2
435,1280,93,1
436,886,21,8
437,1496,7,7
438,1034,40,6
439,1445,94,9
440,138,24,6
441,1769,44,5
442,305,49,5
443,5,30,1
444,585,6,10
445,1029,3,7
446,1436,54,7
447,1738,55,1
448,1059,97,9
449,64,89,8
450,552,28,10
451,1620,84,3
452,40,93,2
453,39,4,10
454,994,11,8
455,1363,67,8
456,1951,98,9
457,1048,21,6
458,1276,85,2
459,1605,4,6
460,1163,63,5
461,199,64,9
462,932,78,6
463,1752,77,3
464,1808,94,9
465,1335,26,6
466,1494,12,2
467,101,32,8
468,299,1,6
469,1914,52,10
470,985,71,10
471,1679,27,6
472,952,32,5
473,399,18,5
474,1919,47,1
475,1616,34,7
476,565,49,2
477,1662,16,1
478,1246,3,9
479,71,39,3
480,1868,57,4
481,681,31,9
482,435,23,10
483,1159,28,8
484,407,68,2
485,10,77,8
486,910,69,7
487,646,81,3
488,773,9,5
489,188,90,4
490,1584,1,8
491,1161,62,5
492,34,56,3
493,1136,62,8
494,24,50,9
495,1905,35,1
496,267,49,8
497,214,79,9
498,885,1,6
499,1501,39,8
500,1831,38,5
501,1437,37,4
502,1853,5,10
503,131,16,3
504,1305,16,4
505,1457,33,10
506,595,64,4
507,116,0,7
508,234,95,4
509,423,15,3
510,623,58,10
511,1379,34,3
512,1708,12,8
513,1006,48,6
514,863,37,6
515,1354,4,5
516,1650,33,6
517,1228,80,8
518,1203,25,3
519,418,1,10
520,1813,57,1
521,347,6,1
522,1775,30,6
523,1764,12,8
524,664,26,10
525,1560,97,4
526,529,83,2
527,489,34,4
528,195,44,9
529,1631,22,2
530,793,82,8
531,98,33,8
532,1604,19,10
533,1277,12,7
534,1904,98,5
535,1213,86,2
536,810,68,1
537,1771,5,4
538,1673,92,7
539,1773,41,2
540,644,64,9
541,891,68,7
542,827,12,6
543,1741,29,4
544,1727,83,1
545,1370,20,7
546,1176,96,1
547,1177,14,7
548,1270,1,7
549,249,91,7
550,191,3,2
551,32,63,10
552,1786,64,7
553,1808,44,3
554,870,44,8
555,818,2,10
556,1225,62,2
557,1801,87,5
558,1035,92,8
559,571,67,6
560,1459,29,2
561,717,11,10
562,417,18,10
563,1154,86,8
564,1600,97,1
565,1686,82,9
566,1807,31,10
567,648,28,9
568,998,85,8
569,522,8,5
570,587,19,4
571,1608,59,6
572,368,94,3
573,168,74,1
574,926,32,2
575,1519,95,9
576,273,65,3
577,1129,72,10
578,73,37,1
579,576,97,7
580,1469,16,2
581,1517,26,5
582,941,6,5
583,255,96,3
584,1777,21,1
585,1095,4,9
586,912,42,7
587,1696,64,2
588,114,96,8
589,896,53,9
590,994,54,2
591,1012,2,9
592,553,79,4
593,460,89,6
594,407,59,8
595,1927,94,5
596,999,3,1
597,1892,58,2
598,902,55,4
599,1745,19,4
600,203,13,7
601,105,0,6
602,264,21,6
603,1615,60,10
604,1080,83,8
605,440,19,5
606,676,46,2
607,1269,65,8
608,1373,74,4
609,1143,7,8
610,1679,3,4
611,1195,1,4
612,277,21,2
613,515,87,8
614,1561,22,2
615,377,4,7
616,438,48,1
617,989,14,8
618,1737,6,7
619,937,34,7
620,1422,95,10
621,1640,98,1
622,386,48,8
623,719,30,9
624,575,70,9
625,1737,99,9
626,503,43,3
627,1359,68,7
628,19,42,2
629,1603,2,8
630,1874,3,7
631,20,98,1
632,851,98,10
633,196,60,8
634,922,30,2
635,1024,50,9
636,1643,36,9
637,72,93,10
638,1706,59,9
639,893,58,4
640,592,66,5
641,369,81,4
642,1685,92,5
643,1431,22,3
644,1402,17,8
645,297,12,7
646,1103,28,2
647,1003,46,5
648,1284,25,3
649,1181,15,8
650,1839,51,10
651,456,20,7
652,1993,80,7
653,1919,72,9
654,440,10,6
655,425,19,9
656,1218,62,4
657,1119,64,6
658,1854,31,7
659,1525,74,8
660,642,34,5
661,1566,20,6
662,1661,90,3
663,108,34,10
664,1019,3,5
665,1432,49,6
666,365,41,3
667,1110,83,2
668,258,88,5
669,69,88,4
670,1770,22,2
671,209,31,10
672,1510,45,9
673,963,46,7
674,1160,15,9
675,366,8,4
676,1366,36,1
677,266,90,9
678,907,27,8
679,689,3,2
680,1113,49,5
681,1412,42,10
682,907,28,3
683,1051,54,7
684,351,15,9
685,128,13,1
686,1438,89,1
687,718,15,1
688,573,3,5
689,1819,81,3
690,1384,47,4
691,1173,91,10
692,1695,38,10
693,67,41,3
694,1364,68,10
695,1142,82,6
696,1711,28,6
697,65,89,3
698,1502,88,2
699,525,9,2
700,1370,56,6
701,1945,90,5
702,257,32,1
703,1485,47,8
704,170,96,6
705,1720,23,10
706,1027,24,6
707,1454,47,10
708,679,61,4
709,1745,77,3
710,24,8,2
711,1078,14,8
712,735,58,5
713,301,8,7
714,1179,91,7
715,1022,36,7
716,1101,59,3
717,278,18,4
718,289,45,10
719,1722,39,3
720,126,54,2
721,760,20,8
722,512,63,10
723,1163,27,9
724,7,28,8
725,348,69,8
726,388,46,7
727,301,39,5
728,1674,13,5
729,1993,6,9
730,585,13,2
731,465,18,6
732,1456,87,6
733,1905,1,4
734,411,12,3
735,559,39,4
736,1562,5,1
737,620,35,9
738,1267,34,2
739,1426,23,2
740,1688,45,8
741,44,33,9
742,324,38,9
743,823,4,4
744,1779,94,1
745,1717,79,10
746,459,6,2
747,1739,42,1
748,958,1,2
749,383,38,8
750,477,56,7
751,920,57,5
752,143,81,10
753,547,92,4
754,1442,87,1
755,1972,50,2
756,1684,93,9
757,919,99,3
758,1575,47,9
759,1422,9,9
760,1594,78,6
761,479,12,7
762,1625,29,5
763,1182,17,5
764,144,27,10
765,1849,79,2
766,1509,94,7
767,737,19,4
768,1248,54,6
769,60,94,9
770,547,74,10
771,1894,96,9
772,245,40,4
773,597,65,2
774,1210,57,3
775,239,52,4
776,401,32,3
777,727,33,3
778,887,78,2
779,927,32,1
780,1550,5,7
781,981,19,5
782,239,28,8
783,853,29,3
784,381,10,3
785,1094,33,1
786,1803,87,1
787,1467,76,1
788,1700,96,3
789,1838,69,4
790,699,23,3
791,1653,31,8
792,57,92,8
793,1820,49,2
794,698,89,5
795,225,73,7
796,1636,26,10
797,1036,81,7
798,217,87,7
799,239,66,8
800,1497,2,9
801,1075,32,5
802,352,45,3
803,646,14,6
804,1339,73,8
805,425,67,9
806,246,22,7
807,1932,71,5
808,820,20,6
809,1551,25,7
810,441,20,5
811,647,50,3
812,1850,34,4
813,710,35,4
814,1601,93,8
815,492,18,10
816,484,12,4
817,752,96,7
818,1447,27,5
819,859,73,3
820,67,51,5
821,1774,57,1
822,122,35,8
823,1758,41,4
824,1012,41,3
825,1774,15,10
826,1961,59,1
827,1653,52,1
828,1002,36,6
829,1160,86,10
830,1333,26,9
831,1591,60,1
832,1265,85,9
833,365,86,3
834,5,61,7
835,1406,29,9
836,773,37,3
837,260,93,6
838,692,64,3
839,375,96,9
840,1305,26,4
841,1337,36,3
842,896,74,2
843,1582,24,2
844,1725,49,3
845,28,39,7
846,1761,18,2
847,1898,57,6
848,1680,87,6
849,10,44,4
850,305,43,5
851,690,69,3
852,1851,15,8
853,1043,88,1
854,578,75,1
855,948,52,2
856,1479,27,10
857,1232,93,2
858,498,88,6
859,757,25,8
860,1117,87,7
861,1848,21,2
862,755,60,4
863,1491,58,7
864,1507,67,6
865,71,71,2
866,895,99,8
867,459,9,9
868,1999,55,3
869,226,67,1
870,1424,8,7
871,767,28,9
872,205,23,10
873,291,28,7
874,38,1,4
875,384,86,4
876,67,65,7
877,1620,71,2
878,265,19,2
879,91,6,3
880,780,40,7
881,242,85,2
882,1110,18,5
883,1819,76,8
884,842,47,7
885,937,81,5
886,61,74,3
887,644,92,10
888,269,1,9
889,47,47,7
890,400,52,2
891,463,59,10
892,1993,93,5
893,1815,61,2
894,1712,92,3
895,1935,44,8
896,460,48,1
897,1772,32,7
898,1242,63,1
899,1495,62,5
900,870,37,7
901,1711,71,10
902,583,81,1
903,254,46,10
904,905,81,4
905,1974,32,2
906,1159,17,9
907,1433,25,2
908,1800,40,1
909,1898,43,6
910,295,13,7
911,666,19,1
912,757,5,4
913,212,92,9
914,1409,58,10
915,1619,31,1
916,1755,24,1
917,1868,82,6
918,841,12,9
919,297,28,8
920,1203,87,3
921,6,22,5
922,1328,11,3
923,879,44,4
924,187,42,3
925,435,99,4
926,1705,94,2
927,1464,93,10
928,600,73,2
929,1001,55,8
930,1953,37,2
931,992,32,8
932,1428,48,5
933,1623,23,3
934,1011,3,5
935,417,11,2
936,844,2,7
937,1616,33,7
938,704,25,7
939,1429,23,3
940,409,80,10
941,1658,14,7
942,1637,87,6
943,1573,15,10
944,455,0,10
945,1131,47,5
946,206,57,8
947,948,32,4
948,331,30,5
949,1096,65,2
950,1697,77,3
951,1088,53,4
952,741,97,10
953,1010,41,1
954,669,96,9
955,47,35,10
956,109,35,9
957,1430,67,6
958,1992,67,8
959,1066,46,4
960,163,61,9
961,793,74,10
962,1488,37,9
963,1441,23,3
964,1975,19,2
965,1542,37,7
966,609,11,7
967,19,38,7
968,1201,61,7
969,1292,52,9
970,1533,19,7
971,864,53,6
972,1585,25,1
973,416,34,7
974,817,98,9
975,1333,40,1
976,286,39,3
977,1843,0,7
978,1547,72,9
979,1259,0,4
980,436,8,10
981,1736,15,7
982,1808,6,4
983,149,46,8
984,703,72,8
985,398,32,10
986,868,33,9
987,572,36,10
988,254,84,4
989,1229,36,10
990,1915,78,1
991,1857,50,8
992,105,11,8
993,1640,36,2
994,1460,31,7
995,406,51,5
996,1931,72,2
997,1719,67,6
998,829,16,3
999,1489,80,2
1000,643,94,6
1001,1351,74,2
1002,457,70,4
1003,439,4,10
1004,620,88,6
1005,1783,69,7
1006,1621,48,6
1007,729,86,6
1008,1174,28,5
1009,793,35,10
1010,1314,40,6
1011,1077,95,4
1012,596,27,8
1013,1002,68,5
1014,228,87,5
1015,1844,91,8
1016,1053,70,3
1017,182,76,8
1018,944,25,6
1019,259,63,1
1020,1431,61,4
1021,1669,24,7
1022,109,8,9
1023,360,74,5
1024,1861,53,5
1025,19,46,4
1026,777,2,5
1027,268,57,5
1028,746,84,5
1029,1512,45,5
1030,787,83,9
1031,711,57,5
1032,1295,77,8
1033,1884,54,8
1034,1872,85,4
1035,1780,50,7
1036,455,85,3
1037,1117,55,1
1038,1967,84,2
1039,1867,74,4
1040,1498,58,10
1041,360,98,3
1042,735,83,8
1043,29,98,8
1044,1527,67,7
1045,664,80,2
1046,1704,31,8
1047,40,50,3
1048,1882,85,6
1049,375,48,10
1050,606,51,6
1051,1679,80,8
1052,982,29,2
1053,184,29,9
1054,793,12,4
1055,972,9,6
1056,197,66,6
1057,1542,94,1
1058,1450,0,3
1059,1661,3,7
1060,1138,67,8
1061,307,85,8
1062,1279,59,3
1063,209,4,10
1064,1920,78,1
1065,568,89,2
1066,831,66,7
1067,981,77,2
1068,653,68,5
1069,1373,82,7
1070,1033,72,6
1071,1528,64,6
1072,1271,89,8
1073,1612,51,6
1074,399,34,2
1075,1887,99,3
1076,615,3,4
1077,48,74,3
1078,440,22,7
1079,1085,0,5
1080,995,52,3
1081,220,36,1
1082,889,36,1
1083,588,75,3
1084,1126,5,3
1085,1059,64,4
1086,1661,94,8
1087,1561,72,3
1088,19,35,3
1089,1515,2,2
1090,963,71,5
1091,87,42,2
1092,718,36,1
1093,1590,41,5
1094,542,64,4
1095,1402,21,5
1096,1572,26,5
1097,1366,22,1
1098,98,63,7
1099,1973,71,4
1100,1018,48,5
1101,178,48,9
1102,977,8,2
1103,491,43,5
1104,553,82,8
1105,1090,17,4
1106,973,37,7
1107,1159,43,3
1108,1538,36,4
1109,1356,95,1
1110,799,85,1
1111,17,60,8
1112,452,47,9
1113,1874,32,4
1114,574,41,2
1115,1142,51,9
1116,1859,48,2
1117,866,25,7
1118,1187,43,9
1119,826,38,2
1120,1819,78,5
1121,1296,90,1
1122,529,25,3
1123,1732,7,5
1124,187,99,8
1125,1259,34,9
1126,730,91,4
1127,1774,89,2
1128,1397,55,6
1129,1250,89,2
1130,404,41,1
1131,1776,37,1
1132,618,22,10
1133,1241,59,4
1134,1506,36,9
1135,1377,35,5
1136,636,15,7
1137,1877,57,6
1138,86,64,5
1139,1762,55,7
1140,1875,2,2
1141,473,7,4
1142,59,59,9
1143,1230,20,5
1144,361,66,10
1145,692,81,3
1146,313,96,10
1147,441,18,3
1148,121,48,10
1149,960,3,8
1150,137,83,6
1151,924,68,10
1152,27,21,8
1153,1233,80,1
1154,256,96,2
1155,1298,76,4
1156,1220,74,8
1157,975,24,4
1158,144,3,8
1159,1483,80,9
1160,432,35,10
1161,1673,10,10
1162,226,0,2
1163,291,76,6
1164,1690,85,6
1165,1663,80,4
1166,791,13,8
1167,934,5,5
1168,987,50,7
1169,1058,98,5
1170,261,10,6
1171,762,49,1
1172,1270,24,8
1173,1747,86,10
1174,1287,8,6
1175,977,44,1
1176,925,45,5
1177,911,74,4
1178,1109,86,1
1179,1281,91,6
1180,1973,34,2
1181,1467,44,9
1182,1306,40,8
1183,442,69,5
1184,1389,87,5
1185,1049,18,7
1186,331,77,5
1187,796,10,2
1188,677,91,10
1189,1054,63,8
1190,1357,45,5
1191,747,41,10
1192,385,9,3
1193,1574,37,3
1194,871,48,6
1195,1496,79,9
1196,1173,54,10
1197,1006,46,7
1198,190,27,5
1199,837,65,9
1200,1203,98,7
1201,1940,76,1
1202,1719,61,10
1203,909,74,5
1204,1480,67,1
1205,1654,15,3
1206,383,49,10
1207,437,65,2
1208,1742,13,6
1209,1229,51,7
1210,158,27,5
1211,939,91,5
1212,338,25,5
1213,318,30,4
1214,642,20,2
1215,977,50,3
1216,1086,23,2
1217,1988,63,9
1218,1231,44,8
1219,1055,18,2
1220,1914,55,2
1221,852,30,7
1222,1659,72,1
1223,1627,73,2
1224,404,25,9
1225,1621,27,8
1226,1792,21,3
1227,1421,41,1
1228,1719,65,7
1229,1331,76,8
1230,1058,68,6
1231,827,18,4
1232,16,7,5
1233,536,99,6
1234,1176,31,9
1235,117,3,6
1236,20,6,8
1237,1630,24,7
1238,1599,37,7
1239,503,2,9
1240,1814,85,2
1241,1901,76,3
1242,817,67,10
1243,1810,48,7
1244,1997,55,6
1245,484,73,4
1246,1660,51,4
1247,77,15,2
1248,1594,64,5
1249,287,76,6
1250,759,17,3
1251,677,38,5
1252,1136,61,10
1253,349,58,5
1254,248,52,1
1255,1526,27,1
1256,1301,15,4
1257,1747,15,2
1258,744,23,8
1259,589,52,2
1260,813,98,2
1261,986,73,5
1262,671,99,10
1263,1764,45,3
1264,718,17,10
1265,1993,16,4
1266,803,74,8
1267,1152,94,4
1268,758,23,6
1269,951,19,9
1270,1459,81,8
1271,195,68,2
1272,946,92,5
1273,1720,98,8
1274,1450,50,9
1275,322,75,2
1276,1424,97,8
1277,1211,91,2
1278,646,80,6
1279,250,91,6
1280,1389,7,3
1281,53,52,7
1282,832,12,3
1283,635,0,6
1284,129,10,3
1285,405,35,7
1286,1966,82,3
1287,1545,48,1
1288,1647,36,4
1289,1324,94,7
1290,172,50,4
1291,1700,30,4
1292,289,64,3
1293,655,66,8
1294,1425,69,2
1295,667,33,6
1296,1992,88,6
1297,1043,41,8
1298,5,68,5
1299,506,57,2
1300,347,92,9
1301,1021,73,7
1302,1511,32,3
1303,84,67,1
1304,1261,48,1
1305,1356,76,2
1306,52,3,7
1307,519,72,5
1308,489,54,9
1309,845,15,3
1310,1275,55,7
1311,339,6,6
1312,866,93,6
1313,1475,7,6
1314,262,5,9
1315,1150,6,6
1316,636,74,3
1317,1031,1,4
1318,1419,37,9
1319,800,95,10
1320,31,38,5
1321,1466,67,10
1322,1255,94,8
1323,1198,53,4
1324,562,20,6
1325,1389,3,6
1326,1012,0,4
1327,1437,71,6
1328,1756,45,10
1329,51,64,2
1330,889,83,6
1331,1581,26,2
1332,302,13,9
1333,411,5,3
1334,183,26,5
1335,407,90,9
1336,565,52,4
1337,693,15,6
1338,1403,88,6
1339,1213,3,7
1340,1572,95,10
1341,967,56,1
1342,951,41,4
1343,853,93,6
1344,1527,99,5
1345,1252,61,6
1346,691,20,5
1347,1145,94,8
1348,986,25,4
1349,337,11,8
1350,121,58,1
1351,182,45,8
1352,1185,59,2
1353,684,58,10
1354,1478,18,7
1355,1255,80,8
1356,425,97,10
1357,1506,51,3
1358,467,44,3
1359,741,30,8
1360,1700,86,10
1361,1668,93,8
1362,555,45,6
1363,22,11,3
1364,571,87,3
1365,255,5,6
1366,879,68,5
1367,1128,13,10
1368,308,77,9
1369,974,49,3
1370,701,20,4
1371,640,28,9
1372,1947,20,9
1373,1413,47,1
1374,1750,33,7
1375,939,0,9
1376,6,71,3
1377,132,34,2
1378,310,61,1
1379,1864,55,10
1380,1193,50,7
1381,1021,19,1
1382,1558,68,5
1383,312,25,4
1384,272,98,9
1385,171,71,7
1386,932,16,10
1387,1403,58,1
1388,148,68,7
1389,745,4,7
1390,1788,68,5
1391,1937,15,8
1392,1309,57,8
1393,851,87,5
1394,1192,99,8
1395,402,47,10
1396,750,62,6
1397,1795,59,10
1398,1307,14,1
1399,1746,77,1
1400,1511,49,8
1401,387,48,2
1402,547,86,7
1403,1261,72,8
1404,1724,13,7
1405,948,84,8
1406,964,47,6
1407,626,58,8
1408,91,79,2
1409,432,71,1
1410,1529,63,1
1411,599,96,5
1412,1844,85,10
1413,361,99,7
1414,556,68,5
1415,354,92,8
1416,1994,43,7
1417,581,70,4
1418,590,10,1
1419,935,41,7
1420,1566,61,9
1421,941,76,5
1422,1290,68,8
1423,619,45,2
1424,1875,61,4
1425,1835,78,6
1426,1820,89,4
1427,236,93,7
1428,1604,42,3
1429,1941,24,2
1430,567,38,10
1431,1650,34,9
1432,1290,58,4
1433,209,3,10
1434,299,67,10
1435,1598,77,5
1436,98,69,4
1437,941,6,6
1438,1885,8,8
1439,1286,35,8
1440,1940,14,2
1441,1123,35,2
1442,440,4,8
1443,226,71,6
1444,1911,96,10
1445,335,84,6
1446,1401,77,2
1447,1135,73,4
1448,665,6,5
1449,438,88,4
1450,272,57,6
1451,838,76,2
1452,979,59,4
1453,908,76,7
1454,905,12,10
1455,799,13,6
1456,577,14,6
1457,712,30,10
1458,1362,99,2
1459,1823,27,1
1460,951,78,7
1461,863,92,2
1462,63,14,10
1463,1268,55,1
1464,872,63,4
1465,499,47,7
1466,65,92,8
1467,225,24,10
1468,217,20,7
1469,479,14,5
1470,1021,24,2
1471,1954,37,4
1472,1963,8,9
1473,1385,91,7
1474,240,70,3
1475,1558,71,10
1476,255,45,9
1477,1244,37,3
1478,967,79,7
1479,1244,17,6
1480,650,95,1
1481,840,36,7
1482,1397,50,6
1483,1204,99,6
1484,1647,75,2
1485,768,12,7
1486,1445,49,3
1487,603,23,2
1488,1972,32,4
1489,967,87,7
1490,199,81,3
1491,825,64,9
1492,678,43,1
1493,1118,6,2
1494,1471,14,2
1495,819,29,10
1496,1742,75,10
1497,1541,66,1
1498,1888,19,1
1499,1489,53,8
1500,1070,84,10
1501,1397,29,8
1502,1088,41,8
1503,467,65,8
1504,765,82,9
1505,1727,45,6
1506,1965,42,8
1507,1502,59,6
1508,1798,92,2
1509,1820,88,4
1510,1300,39,7
1511,852,44,3
1512,1064,51,2
1513,1706,51,6
1514,137,47,2
1515,637,14,4
1516,1679,93,8
1517,262,51,8
1518,506,47,1
1519,104,82,7
1520,488,32,6
1521,1667,2,8
1522,1510,94,1
1523,438,11,10
1524,922,48,8
1525,1406,76,2
1526,644,29,1
1527,1644,7,10
1528,1513,36,5
1529,1540,62,5
1530,1221,41,8
1531,1034,93,6
1532,1516,95,6
1533,171,0,7
1534,1602,1,9
1535,1029,74,3
1536,1734,38,2
1537,737,83,6
1538,362,32,3
1539,741,9,8
1540,1290,27,9
1541,476,71,1
1542,43,12,2
1543,37,13,3
1544,1,12,9
1545,645,3,4
1546,1241,73,7
1547,317,81,6
1548,94,64,2
1549,1210,6,6
1550,1061,69,2
1551,1285,18,5
1552,1033,8,4
1553,1320,70,2
1554,1340,80,10
1555,1120,18,7
1556,1057,19,6
1557,443,40,2
1558,456,19,1
1559,1114,46,8
1560,1218,78,8
1561,1820,95,10
1562,1596,54,7
1563,1416,78,2
1564,751,26,3
1565,1500,94,6
1566,1359,32,8
1567,612,89,1
1568,274,62,2
1569,1994,5,4
1570,1427,36,3
1571,761,40,9
1572,791,48,9
1573,1749,47,1
1574,536,66,2
1575,1417,52,3
1576,1855,8,6
1577,439,74,3
1578,721,0,10
1579,1472,11,7
1580,296,14,6
1581,1720,89,1
1582,1616,51,8
1583,1420,16,8
1584,611,10,4
1585,1331,68,1
1586,1509,45,9
1587,1221,0,4
1588,1478,69,9
1589,177,15,7
1590,1000,9,4
1591,1195,41,2
1592,104,67,7
1593,407,51,7
1594,1103,82,4
1595,808,54,6
1596,1620,96,2
1597,262,26,9
1598,531,13,9
1599,603,97,10
1600,1229,29,5
1601,150,13,1
1602,149,94,1
1603,965,0,2
1604,1912,19,1
1605,838,52,6
1606,1766,66,7
1607,1292,26,4
1608,287,18,3
1609,332,47,10
1610,1340,71,8
1611,803,2,10
1612,890,72,9
1613,188,96,8
1614,1416,90,3
1615,938,80,8
1616,401,9,2
1617,416,70,6
1618,1595,35,9
1619,207,69,10
1620,69,21,6
1621,524,56,8
1622,16,30,9
1623,1049,5,6
1624,1718,1,4
1625,403,48,7
1626,77,32,4
1627,148,51,9
1628,245,98,6
1629,819,91,10
1630,523,4,10
1631,694,3,1
1632,930,15,9
1633,337,49,10
1634,1196,62,1
1635,1862,89,7
1636,1096,6,2
1637,1322,81,5
1638,355,8,8
1639,1803,35,5
1640,1581,58,10
1641,1438,79,10
1642,951,84,9
1643,1904,69,2
1644,1311,17,5
1645,1874,95,4
1646,281,13,8
1647,363,85,10
1648,1440,65,2
1649,970,26,2
1650,1901,56,2
1651,1388,17,5
1652,779,5,3
1653,392,5,9
1654,909,63,7
1655,1296,1,10
1656,1959,70,9
1657,508,17,4
1658,112,14,7
1659,1386,99,5
1660,1680,28,2
1661,1873,74,2
1662,849,90,10
1663,1315,30,6
1664,1342,20,1
1665,40,88,1
1666,755,44,9
1667,454,54,7
1668,230,71,1
1669,1789,64,6
1670,378,10,4
1671,1234,50,5
1672,933,52,1
1673,924,85,7
1674,701,66,9
1675,517,56,7
1676,1987,7,5
1677,918,33,2
1678,1359,72,9
1679,186,79,6
1680,172,74,2
1681,509,84,10
1682,1925,1,10
1683,1239,19,1
1684,1219,6,3
1685,1520,88,4
1686,1929,14,8
1687,1853,58,10
1688,680,16,4
1689,685,67,5
1690,868,63,2
1691,1221,0,1
1692,353,29,5
1693,426,3,7
1694,1202,78,8
1695,780,68,2
1696,1517,36,10
1697,1831,70,6
1698,1799,92,3
1699,1571,9,10
1700,987,74,7
1701,1082,23,1
1702,759,70,4
1703,989,32,10
1704,194,61,4
1705,175,81,8
1706,1387,68,1
1707,365,59,8
1708,371,62,7
1709,1988,55,3
1710,1223,24,7
1711,660,8,4
1712,1601,28,6
1713,246,46,4
1714,671,15,2
1715,1276,9,9
1716,729,3,8
1717,722,62,9
1718,1425,98,9
1719,1292,48,5
1720,533,38,9
1721,1858,36,9
1722,1526,50,1
1723,1825,64,6
1724,290,90,6
1725,827,5,9
1726,1706,29,10
1727,1917,1,10
1728,1034,79,6
1729,1145,88,10
1730,483,45,8
1731,1303,65,5
1732,1349,37,3
1733,1967,7,3
1734,502,24,7
1735,1063,32,7
1736,545,95,5
1737,805,71,10
1738,364,60,8
1739,244,75,7
1740,1497,44,10
1741,1015,61,6
1742,411,60,7
1743,1220,57,8
1744,1850,48,1
1745,1440,26,6
1746,1992,64,6
1747,183,82,6
1748,1577,85,1
1749,1416,11,6
1750,498,53,7
1751,969,33,7
1752,185,16,2
1753,760,14,8
1754,706,41,8
1755,122,93,6
1756,1201,63,2
1757,928,86,1
1758,358,74,7
1759,4,34,7
1760,995,78,10
1761,1754,33,3
1762,1284,1,7
1763,1072,2,10
1764,1967,69,10
1765,6,23,1
1766,1603,51,1
1767,189,66,8
1768,1566,4,3
1769,170,28,6
1770,157,68,4
1771,391,46,4
1772,771,19,10
1773,621,27,6
1774,1320,49,9
1775,887,24,2
1776,549,21,9
1777,647,75,3
1778,924,53,9
1779,1077,46,8
1780,48,28,6
1781,1440,26,4
1782,1590,63,6
1783,1727,52,10
1784,1026,39,6
1785,1738,13,1
1786,1523,82,5
1787,1101,73,4
1788,1865,63,3
1789,21,12,8
1790,304,77,7
1791,299,38,2
1792,1458,56,6
1793,1222,77,1
1794,549,38,8
1795,393,52,8
1796,693,57,7
1797,1452,93,8
1798,1226,63,2
1799,122,44,7
1800,1237,83,5
1801,1433,59,1
1802,1257,33,7
1803,1280,1,9
1804,1981,39,8
1805,864,25,6
1806,298,70,1
1807,1353,33,9
1808,1452,74,1
1809,632,13,1
1810,486,85,3
1811,1841,61,4
1812,777,84,2
1813,388,5,3
1814,731,12,4
1815,315,39,2
1816,1178,97,10
1817,309,43,3
1818,1701,50,4
1819,1572,11,1
1820,1495,19,9
1821,246,28,2
1822,549,71,6
1823,1230,70,5
1824,1620,37,7
1825,875,17,10
1826,1731,6,5
1827,1214,67,2
1828,1204,3,8
1829,1982,99,9
1830,1783,21,6
1831,956,59,6
1832,449,56,3
1833,910,76,9
1834,1565,64,9
1835,893,48,4
1836,721,1,5
1837,1741,42,4
1838,30,0,8
1839,470,95,8
1840,1948,9,8
1841,526,85,4
1842,1235,26,4
1843,1782,99,5
1844,1792,44,10
1845,177,14,6
1846,1707,53,8
1847,1432,2,3
1848,1118,48,8
1849,260,46,8
1850,805,61,8
1851,429,94,10
1852,406,86,5
1853,1774,17,8
1854,610,59,4
1855,955,98,5
1856,1013,89,3
1857,1394,7,5
1858,810,3,6
1859,1900,39,6
1860,1191,96,10
1861,342,58,7
1862,518,32,10
1863,1628,22,8
1864,1040,43,2
1865,70,55,8
1866,852,87,1
1867,1096,75,10
1868,1165,9,10
1869,1953,71,8
1870,1182,50,9
1871,1001,83,1
1872,96,1,4
1873,1062,58,4
1874,1982,59,9
1875,1122,56,4
1876,930,60,1
1877,1603,98,9
1878,596,90,1
1879,548,58,6
1880,1193,74,1
1881,1907,1,10
1882,1135,15,6
1883,531,92,4
1884,1138,62,7
1885,763,57,3
1886,945,26,1
1887,619,81,6
1888,1568,44,5
1889,1177,6,1
1890,1732,50,8
1891,189,80,7
1892,1354,16,9
1893,129,46,5
1894,1347,37,7
1895,1593,78,7
1896,572,33,3
1897,1052,97,3
1898,555,27,2
1899,1103,42,7
1900,1644,87,10
1901,230,24,4
1902,936,12,10
1903,1422,93,7
1904,1254,67,6
1905,1291,12,6
1906,1507,92,5
1907,448,45,4
1908,1306,30,6
1909,598,80,2
1910,464,86,1
1911,1528,71,1
1912,1449,17,7
1913,1551,1,4
1914,1966,36,9
1915,498,12,4
1916,1463,13,3
1917,376,2,8
1918,528,99,5
1919,653,36,4
1920,2,94,9
1921,1019,59,1
1922,1584,91,6
1923,623,83,4
1924,1610,66,10
1925,827,31,3
1926,1610,67,2
1927,1661,6,8
1928,1106,0,4
1929,140,13,3
1930,846,52,2
1931,269,74,2
1932,59,22,10
1933,1065,33,2
1934,422,95,4
1935,819,19,2
1936,1288,53,9
1937,1785,68,7
1938,1552,68,10
1939,1597,20,6
1940,1332,48,8
1941,1062,10,2
1942,541,53,7
1943,1155,92,4
1944,1000,73,6
1945,435,28,8
1946,159,92,5
1947,1302,70,5
1948,1137,19,10
1949,336,25,1
1950,1353,6,8
1951,107,2,3
1952,1287,80,9
1953,1909,95,5
1954,1896,30,2
1955,1661,90,4
1956,930,83,5
1957,1807,72,5
1958,855,54,5
1959,1077,40,2
1960,1421,30,2
1961,1459,27,3
1962,1608,61,7
1963,671,65,2
1964,564,31,1
1965,1462,21,1
1966,1510,14,4
1967,1938,80,1
1968,211,1,9
1969,621,80,6
1970,1742,8,8
1971,19,42,6
1972,1916,35,6
1973,575,62,2
1974,502,79,3
1975,1743,94,1
1976,1715,88,7
1977,1148,96,3
1978,1885,71,3
1979,667,1,1
1980,1021,17,2
1981,257,34,2
1982,1034,16,6
1983,82,19,5
1984,923,96,1
1985,1858,15,6
1986,1320,51,3
1987,675,18,2
1988,974,58,3
1989,1355,70,10
1990,758,91,2
1991,476,48,10
1992,1003,30,9
1993,380,8,8
1994,693,4,6
1995,1855,76,10
1996,85,46,2
1997,1736,9,7
1998,1330,33,8
1999,1400,38,8
2000,1923,58,10
2001,1490,66,1
2002,747,73,2
2003,1647,31,5
2004,1023,54,3
2005,1276,25,3
2006,518,17,3
2007,1001,36,8
2008,502,35,4
2009,1045,40,3
2010,357,37,4
2011,718,47,9
2012,1462,95,8
2013,1621,41,3
2014,1869,48,9
2015,94,37,3
2016,1002,44,9
2017,1134,27,5
2018,685,34,7
2019,509,11,10
2020,1946,69,2
2021,1002,37,9
2022,371,61,10
2023,1295,15,3
2024,758,8,7
2025,1988,51,8
2026,1618,56,4
2027,1834,72,10
2028,346,58,8
2029,989,93,4
2030,1672,69,2
2031,1008,77,2
2032,611,31,6
2033,245,18,3
2034,1475,97,6
2035,766,99,4
2036,8,22,6
2037,443,59,6
2038,539,51,7
2039,588,59,10
2040,1436,79,8
2041,1594,13,8
2042,450,45,9
2043,1913,75,2
2044,1641,73,5
2045,361,65,3
2046,928,15,6
2047,282,61,5
2048,831,95,1
2049,422,89,4
2050,1299,42,10
2051,1687,17,5
2052,1427,97,6
2053,535,13,6
2054,747,65,6
2055,1322,85,5
2056,1979,36,10
2057,1366,52,3
2058,59,56,7
2059,493,39,7
2060,1133,16,8
2061,976,13,1
2062,1650,18,7
2063,1047,34,4
2064,208,46,1
2065,385,34,7
2066,738,97,5
2067,379,79,4
2068,963,11,4
2069,582,56,10
2070,272,16,3
2071,1077,30,5
2072,963,78,1
2073,856,42,1
2074,385,21,6
2075,122,61,9
2076,881,10,8
2077,1849,27,4
2078,1325,0,9
2079,1155,94,5
2080,1832,49,5
2081,1958,3,2
2082,1749,9,1
2083,894,41,1
2084,707,17,6
2085,1264,5,6
2086,1944,14,9
2087,1145,65,7
2088,38,62,4
2089,591,24,8
2090,1915,46,9
2091,1347,18,5
2092,140,99,7
2093,1596,25,6
2094,190,14,6
2095,1369,21,10
2096,966,15,3
2097,163,92,7
2098,1666,61,3
2099,178,77,4
2100,1245,40,6
2101,1355,51,4
2102,1936,68,5
2103,96,22,9
2104,1877,78,9
2105,826,47,9
2106,1005,3,3
2107,556,89,2
2108,1513,43,10
2109,1553,39,10
2110,738,24,1
2111,1876,61,5
2112,1215,70,3
2113,72,52,10
2114,304,89,6
2115,860,61,8
2116,473,75,2
2117,1359,78,4
2118,1415,20,5
2119,1463,75,5
2120,1490,87,1
2121,1546,9,9
2122,286,0,4
2123,312,14,8
2124,514,13,3
2125,895,36,4
2126,599,27,9
2127,1889,65,2
2128,33,52,2
2129,630,35,8
2130,2,89,10
2131,1359,18,6
2132,1009,58,8
2133,1940,89,5
2134,1945,35,3
2135,984,18,8
2136,31,26,10
2137,509,96,8
2138,707,76,4
2139,971,83,8
2140,1824,76,8
2141,685,77,2
2142,1706,5,7
2143,795,81,3
2144,768,51,1
2145,10,44,4
2146,1695,24,10
2147,1119,86,6
2148,798,72,4
2149,161,9,3
2150,1476,52,2
2151,1296,76,3
2152,1693,73,5
2153,35,37,2
2154,370,39,7
2155,472,1,6
2156,508,7,1
2157,563,83,3
2158,1304,97,9
2159,1468,38,1
2160,93,23,3
2161,710,68,3
2162,316,29,5
2163,335,35,5
2164,1467,1,5
2165,654,62,6
2166,1590,78,5
2167,1578,15,2
2168,1229,3,10
2169,1132,46,9
2170,431,32,1
2171,1139,11,5
2172,79,72,3
2173,697,8,10
2174,704,98,1
2175,866,15,4
2176,1833,11,8
2177,376,52,5
2178,1262,68,7
2179,514,69,5
2180,608,55,5
2181,1746,43,3
2182,396,42,9
2183,930,36,6
2184,641,14,8
2185,535,72,3
2186,912,15,5
2187,208,17,10
2188,132,56,9
2189,309,18,5
2190,815,43,7
2191,1126,45,9
2192,1413,90,5
2193,1808,81,1
2194,460,25,1
2195,1404,22,4
2196,967,72,9
2197,181,78,9
2198,899,77,1
2199,210,28,2
2200,730,99,3
2201,163,4,7
2202,1244,84,3
2203,1345,45,7
2204,756,24,4
2205,528,42,4
2206,530,32,4
2207,1093,74,6
2208,1028,69,6
2209,1037,51,2
2210,1835,6,1
2211,1873,52,6
2212,522,53,4
2213,511,79,4
2214,1977,4,7
2215,823,18,6
2216,1675,49,2
2217,1777,8,7
2218,535,68,10
2219,378,12,4
2220,392,26,6
2221,1138,1,5
2222,1303,13,1
2223,122,54,6
2224,1959,51,10
2225,607,12,8
2226,1823,40,2
2227,1268,0,2
2228,1442,76,4
2229,405,92,2
2230,1964,35,6
2231,188,30,5
2232,1059,71,5
2233,767,86,10
2234,470,74,8
2235,927,57,10
2236,554,3,6
2237,0,77,10
2238,1099,29,4
2239,497,88,1
2240,1118,11,6
2241,197,17,1
2242,799,22,7
2243,200,41,5
2244,1736,22,5
2245,834,31,6
2246,1113,60,2
2247,428,63,2
2248,886,26,3
2249,1325,7,9
2250,1664,38,6
2251,516,20,10
2252,563,50,2
2253,436,87,3
2254,524,76,9
2255,1077,88,8
2256,1149,77,1
2257,1423,1,4
2258,1937,48,4
2259,737,6,2
2260,1863,20,5
2261,1578,70,5
2262,29,60,6
2263,1027,1,1
2264,1717,56,10
2265,635,44,3
2266,394,6,5
2267,75,39,7
2268,1678,50,4
2269,196,58,7
2270,1447,73,7
2271,1634,41,5
2272,499,12,2
2273,909,14,3
2274,489,80,6
2275,1619,90,1
2276,1479,38,2
2277,1239,89,6
2278,1718,74,8
2279,972,98,1
2280,1264,13,9
2281,1800,76,8
2282,1338,25,2
2283,312,48,5
2284,1010,27,4
2285,1976,26,1
2286,1081,35,10
2287,1955,72,7
2288,1443,28,4
2289,1085,70,9
2290,189,63,4
2291,753,6,2
2292,1234,38,2
2293,1888,62,10
2294,162,49,10
2295,1091,12,1
2296,1433,85,9
2297,1796,83,9
2298,1988,46,8
2299,1904,71,2
2300,1834,49,7
2301,215,84,8
2302,1793,87,9
2303,1236,34,10
2304,1839,24,7
2305,1824,39,7
2306,1938,48,8
2307,783,73,3
2308,1442,0,4
2309,44,51,4
2310,45,77,4
2311,1444,35,9
2312,1539,23,2
2313,1166,51,8
2314,910,1,1
2315,1876,79,10
2316,864,50,9
2317,1369,8,3
2318,1660,63,1
2319,495,17,5
2320,1927,85,4
2321,549,17,5
2322,1407,11,6
2323,304,22,7
2324,591,64,5
2325,1619,9,3
2326,167,57,9
2327,1354,99,2
2328,1150,74,4
2329,1685,98,3
2330,863,33,5
2331,1082,45,8
2332,1500,71,2
2333,694,57,4
2334,679,51,2
2335,866,79,3
2336,1917,56,9
2337,1146,59,8
2338,1257,26,9
2339,903,68,9
2340,1125,20,1
2341,1148,49,2
2342,491,29,5
2343,1136,48,8
2344,1196,10,5
2345,1482,61,10
2346,987,38,3
2347,227,95,1
2348,1001,99,6
2349,1493,65,9
2350,1728,75,4
2351,1046,12,5
2352,307,94,3
2353,1281,57,7
2354,788,18,10
2355,1368,16,6
2356,427,46,1
2357,1119,66,6
2358,1192,84,5
2359,674,59,8
2360,1774,23,2
2361,715,6,8
2362,1063,63,5
2363,149,94,1
2364,735,34,10
2365,158,71,3
2366,1348,46,8
2367,1640,55,10
2368,267,22,1
2369,824,10,1
2370,1832,22,4
2371,22,25,6
2372,764,40,1
2373,610,61,1
2374,554,67,6
2375,443,71,3
2376,759,96,4
2377,1480,89,3
2378,315,23,4
2379,1378,71,6
2380,1417,50,3
2381,663,35,6
2382,913,67,4
2383,196,84,9
2384,916,41,6
2385,1551,43,6
2386,696,21,3
2387,1750,42,10
2388,1825,41,1
2389,639,99,6
2390,577,75,8
2391,1719,8,6
2392,1367,16,1
2393,1104,97,8
2394,506,43,8
2395,1325,68,5
2396,80,95,1
2397,729,31,6
2398,852,95,6
2399,612,18,4
2400,195,40,2
2401,294,85,10
2402,1739,3,3
2403,26,94,10
2404,580,70,3
2405,1244,85,3
2406,56,62,3
2407,1394,8,10
2408,1183,20,4
2409,788,87,3
2410,138,46,4
2411,1371,18,4
2412,1901,18,6
2413,427,60,3
2414,1019,80,9
2415,676,26,7
2416,1830,32,1
2417,1723,93,2
2418,1750,8,4
2419,583,47,6
2420,78,57,4
2421,353,98,5
2422,1454,93,9
2423,775,5,7
2424,755,2,6
2425,1635,37,3
2426,1185,91,7
2427,719,28,9
2428,1482,41,10
2429,1732,93,2
2430,1107,42,1
2431,272,97,4
2432,1425,81,6
2433,463,79,7
2434,1343,3,1
2435,1183,45,6
2436,1944,63,7
2437,708,90,8
2438,1616,38,10
2439,449,0,9
2440,178,14,1
2441,1979,20,7
2442,1221,69,8
2443,188,30,7
2444,512,8,3
2445,1868,2,5
2446,26,53,4
2447,1491,13,1
2448,1045,1,2
2449,512,81,10
2450,1899,15,3
2451,678,86,10
2452,252,38,7
2453,591,76,3
2454,123,15,7
2455,1356,14,1
2456,574,19,3
2457,1293,69,6
2458,922,81,5
2459,965,42,1
2460,1529,94,9
2461,1355,0,7
2462,317,68,5
2463,1961,80,1
2464,1715,33,1
2465,1375,28,7
2466,1743,28,2
2467,479,49,8
2468,1364,10,4
2469,1032,52,4
2470,1869,0,6
2471,1251,34,8
2472,570,46,4
2473,1321,71,2
2474,1031,81,7
2475,1439,58,3
2476,1358,55,6
2477,711,11,9
2478,826,79,2
2479,1965,90,3
2480,1308,79,5
2481,1546,87,2
2482,1666,70,2
2483,702,69,7
2484,1353,83,1
2485,1430,25,3
2486,180,40,1
2487,1714,76,4
2488,1446,97,7
2489,1325,34,8
2490,113,38,2
2491,1085,19,8
2492,361,19,7
2493,682,10,7
2494,814,45,2
2495,1802,26,10
2496,435,64,9
2497,1266,60,9
2498,8,52,2
2499,1143,29,10
2500,133,16,2
2501,1506,71,6
2502,1117,11,4
2503,1653,39,9
2504,1012,92,3
2505,1113,64,2
2506,1837,23,5
2507,1634,74,1
2508,772,8,8
2509,1401,39,6
2510,1607,13,7
2511,941,41,6
2512,1065,83,10
2513,1478,5,1
2514,1848,33,9
2515,1277,79,6
2516,80,53,1
2517,1442,0,5
2518,645,29,9
2519,391,95,10
2520,1813,3,9
2521,1228,82,8
2522,833,98,10
2523,1490,77,10
2524,1959,3,2
2525,1308,61,5
2526,1394,75,6
2527,1248,52,1
2528,1486,50,8
2529,1093,80,10
2530,1126,25,10
2531,788,99,1
2532,565,5,4
2533,1727,34,1
2534,1947,88,6
2535,1171,54,6
2536,1084,97,1
2537,1799,15,10
2538,1779,89,6
2539,992,2,9
2540,1132,23,6
2541,1868,20,1
2542,1085,40,7
2543,384,69,4
2544,1110,79,5
2545,1919,89,4
2546,1624,84,7
2547,895,99,8
2548,366,79,2
2549,623,34,9
2550,1562,49,5
2551,116,6,5
2552,328,73,9
2553,216,11,3
2554,247,89,5
2555,896,41,10
2556,1742,19,7
2557,1679,82,7
2558,1125,29,9
2559,1335,57,5
2560,1472,36,2
2561,1380,67,4
2562,276,0,9
2563,1073,62,3
2564,963,44,2
2565,827,94,7
2566,882,38,6
2567,584,0,2
2568,973,67,1
2569,591,49,7
2570,388,72,6
2571,1958,57,2
2572,852,27,7
2573,1149,36,1
2574,552,18,7
2575,721,26,7
2576,304,1,2
2577,1762,74,2
2578,63,10,1
2579,1518,99,10
2580,973,47,1
2581,713,56,10
2582,1008,0,4
2583,1304,62,2
2584,1659,27,6
2585,1100,45,7
2586,607,39,2
2587,404,12,7
2588,378,79,7
2589,1838,36,1
2590,1171,60,1
2591,362,34,6
2592,613,89,1
2593,649,21,2
2594,1119,69,7
2595,1066,97,4
2596,568,62,5
2597,1906,51,5
2598,1232,78,6
2599,1617,5,5
2600,612,0,7
2601,1758,73,7
2602,381,72,2
2603,1486,13,6
2604,248,13,4
2605,56,52,8
2606,84,6,10
2607,1166,13,9
2608,1698,59,7
2609,378,45,4
2610,1208,41,1
2611,1544,86,7
2612,284,78,2
2613,636,95,10
2614,1441,59,1
2615,349,30,5
2616,266,30,7
2617,1269,66,1
2618,1315,76,8
2619,296,20,1
2620,311,18,3
2621,1956,69,9
2622,1513,66,1
2623,1286,42,2
2624,1753,68,3
2625,1955,50,3
2626,754,96,2
2627,827,2,5
2628,1730,23,2
2629,80,57,10
2630,736,79,8
2631,1593,88,7
2632,93,75,3
2633,1424,91,5
2634,121,97,7
2635,213,21,8
2636,1458,53,10
2637,1865,96,2
2638,1197,61,4
2639,1200,82,8
2640,1258,83,4
2641,1907,36,10
2642,1744,83,2
2643,1959,68,8
2644,324,63,10
2645,516,58,3
2646,538,33,6
2647,1056,75,8
2648,1120,24,2
2649,1166,80,3
2650,1938,20,5
2651,122,15,1
2652,850,13,8
2653,95,83,7
2654,737,83,10
2655,1719,82,6
2656,327,31,4
2657,1339,19,5
2658,105,25,9
2659,1744,72,7
2660,636,46,4
2661,1009,12,3
2662,878,41,4
2663,1934,14,6
2664,132,68,9
2665,1680,16,2
2666,484,30,5
2667,1160,13,1
2668,944,62,9
2669,1580,48,8
2670,1904,21,2
2671,806,56,2
2672,866,24,9
2673,1370,29,9
2674,355,89,10
2675,1401,65,3
2676,690,52,1
2677,333,68,2
2678,1128,98,3
2679,1933,53,3
2680,1691,63,3
2681,564,98,8
2682,918,71,9
2683,1156,31,6
2684,1158,28,5
2685,921,11,6
2686,840,77,4
2687,696,93,8
2688,1612,73,9
2689,1567,95,3
2690,978,44,6
2691,741,55,6
2692,1730,48,4
2693,1280,91,5
2694,1941,25,3
2695,1737,34,8
2696,517,7,1
2697,1562,66,7
2698,396,89,6
2699,850,73,5
2700,397,81,6
2701,1709,15,10
2702,807,94,6
2703,666,43,6
2704,871,34,1
2705,922,79,5
2706,1196,4,7
2707,1705,13,7
2708,1363,26,4
2709,1746,84,1
2710,1957,51,6
2711,1663,70,5
2712,165,82,7
2713,1858,61,5
2714,75,84,4
2715,1540,74,9
2716,976,62,3
2717,959,77,6
2718,1690,10,9
2719,1926,20,7
2720,932,95,7
2721,379,39,10
2722,1366,9,5
2723,295,11,2
2724,1168,57,9
2725,811,55,1
2726,435,26,4
2727,1097,4,4
2728,603,25,7
2729,1451,23,8
2730,874,0,5
2731,1839,97,7
2732,1878,70,3
2733,823,46,2
2734,1119,91,7
2735,1833,97,8
2736,340,2,10
2737,1824,75,3
2738,1527,70,10
2739,1171,80,3
2740,1874,24,3
2741,913,91,8
2742,1214,68,7
2743,1043,81,10
2744,698,85,7
2745,1284,96,4
2746,1390,93,3
2747,869,98,7
2748,538,4,5
2749,909,52,1
2750,1795,54,9
2751,525,83,4
2752,1610,95,4
2753,1194,49,1
2754,1667,27,9
2755,1505,20,5
2756,1731,4,6
2757,268,48,4
2758,1203,64,1
2759,1144,5,10
2760,499,68,9
2761,110,59,5
2762,1405,17,3
2763,139,65,8
2764,182,24,5
2765,648,9,5
2766,1492,88,8
2767,894,83,6
2768,1895,70,3
2769,71,52,6
2770,1345,20,3
2771,1859,94,3
2772,908,79,1
2773,1764,9,10
2774,992,64,4
2775,148,36,9
2776,1736,4,7
2777,1511,98,9
2778,1563,56,9
2779,1460,69,9
2780,1170,98,6
2781,495,98,10
2782,144,48,8
2783,1992,20,2
2784,1660,59,1
2785,1976,59,6
2786,1381,52,3
2787,735,54,2
2788,1110,10,4
2789,401,30,6
2790,1665,40,10
2791,1475,13,2
2792,1481,2,2
2793,319,80,6
2794,1758,50,2
2795,1106,38,3
2796,1785,76,6
2797,634,44,1
2798,883,90,7
2799,1543,51,2
2800,730,8,2
2801,1515,82,2
2802,1990,82,7
2803,246,98,8
2804,604,43,10
2805,873,77,3
2806,1221,31,8
2807,1504,63,9
2808,169,55,3
2809,374,46,10
2810,1229,79,6
2811,347,29,2
2812,1779,19,7
2813,1329,97,8
2814,1643,28,4
2815,84,90,4
2816,788,9,4
2817,1505,33,8
2818,1896,82,3
2819,1773,5,6
2820,1430,70,10
2821,1204,92,3
2822,281,30,9
2823,1126,35,4
2824,1321,6,3
2825,795,4,4
2826,140,5,2
2827,929,2,5
2828,1611,58,3
2829,1531,70,6
2830,1638,96,6
2831,349,57,6
2832,106,11,2
2833,873,97,6
2834,1937,16,6
2835,1783,87,3
2836,1646,95,4
2837,1706,57,3
2838,1483,89,9
2839,0,71,3
2840,1866,19,9
2841,301,49,9
2842,1584,32,4
2843,1271,80,10
2844,1674,4,5
2845,1599,34,7
2846,1281,15,4
2847,1517,91,6
2848,735,3,10
2849,146,57,5
2850,1398,90,7
2851,279,69,7
2852,733,46,2
2853,1474,60,3
2854,1255,53,2
2855,108,60,6
2856,735,88,8
2857,1293,34,5
2858,784,4,6
2859,1874,14,1
2860,1209,25,5
2861,1973,85,1
2862,1098,78,4
2863,239,24,7
2864,1603,67,3
2865,1757,14,7
2866,1214,10,8
2867,241,78,3
2868,702,41,2
2869,596,63,10
2870,1228,23,4
2871,1763,56,4
2872,631,26,4
2873,1513,37,3
2874,1313,8,6
2875,1509,17,2
2876,1633,1,10
2877,1237,57,10
2878,1535,20,8
2879,270,39,3
2880,1704,96,7
2881,1911,93,4
2882,1646,85,8
2883,1273,82,1
2884,1337,12,3
2885,1255,68,6
2886,1111,29,9
2887,258,95,6
2888,1574,84,6
2889,706,67,5
2890,1993,88,2
2891,195,26,10
2892,1789,70,9
2893,773,75,4
2894,1292,45,8
2895,1463,85,9
2896,1377,88,2
2897,833,36,8
2898,1930,67,6
2899,130,80,5
2900,408,54,3
2901,691,8,5
2902,470,53,10
2903,1299,97,8
2904,1052,6,4
2905,1094,97,9
2906,1052,35,9
2907,1856,51,7
2908,1302,53,7
2909,1742,41,10
2910,1663,56,9
2911,1316,20,3
2912,461,48,8
2913,1851,12,2
2914,1914,1,4
2915,1264,28,1
2916,517,92,5
2917,1135,96,9
2918,1397,78,9
2919,883,93,5
2920,475,7,9
2921,101,70,9
2922,1153,57,8
2923,31,62,2
2924,1046,1,2
2925,231,33,9
2926,1270,61,8
2927,1442,88,10
2928,1423,6,6
2929,1939,43,3
2930,385,1,7
2931,1429,93,2
2932,1241,17,2
2933,1139,31,6
2934,643,25,3
2935,1709,70,2
2936,852,2,6
2937,543,42,10
2938,972,1,5
2939,292,20,1
2940,1189,33,4
2941,1656,79,10
2942,1679,82,2
2943,411,51,6
2944,408,60,1
2945,26,50,9
2946,1862,99,3
2947,598,83,7
2948,878,23,1
2949,1622,62,1
2950,189,25,4
2951,428,2,5
2952,1082,47,2
2953,1586,15,8
2954,1844,67,3
2955,674,75,4
2956,1293,85,7
2957,1495,10,9
2958,1062,64,7
2959,1531,35,10
2960,1418,57,7
2961,1503,79,5
2962,222,6,3
2963,1751,37,5
2964,284,28,4
2965,1552,82,9
2966,1121,74,10
2967,236,72,10
2968,653,90,2
2969,256,66,6
2970,254,58,2
2971,1501,59,3
2972,1928,32,4
2973,1277,23,4
2974,313,79,1
2975,1198,50,2
2976,166,74,6
2977,929,52,3
2978,1119,19,4
2979,1977,83,10
2980,1055,89,9
2981,72,60,4
2982,1387,14,3
2983,1401,44,8
2984,1262,34,9
2985,1526,94,1
2986,399,81,10
2987,888,67,3
2988,336,23,3
2989,1649,52,10
2990,1206,8,6
2991,767,13,1
2992,46,54,5
2993,1808,13,5
2994,814,12,4
2995,690,72,2
2996,1646,19,6
2997,1702,47,1
2998,123,45,10
2999,1822,75,8
3000,1585,62,3
3001,613,7,10
3002,973,73,8
3003,663,32,6
3004,861,64,3
3005,1627,21,6
3006,475,25,9
3007,730,77,9
3008,3,28,9
3009,1947,65,4
3010,593,45,2
3011,372,93,1
3012,692,86,4
3013,1697,92,2
3014,684,40,1
3015,741,10,10
3016,421,71,7
3017,1693,56,5
3018,1134,77,1
3019,1886,27,9
3020,1306,78,9
3021,385,53,8
3022,388,13,5
3023,650,16,9
3024,1495,48,4
3025,738,48,9
3026,1516,49,1
3027,675,66,4
3028,1066,20,9
3029,624,23,6
3030,1404,44,1
3031,1180,90,9
3032,797,35,9
3033,1979,29,3
3034,1174,80,4
3035,271,55,9
3036,1519,34,6
3037,1468,25,6
3038,1663,51,2
3039,1355,39,2
3040,1355,77,4
3041,820,85,4
3042,1799,88,9
3043,1459,83,8
3044,1513,73,4
3045,1180,71,5
3046,1674,11,6
3047,622,34,1
3048,1449,50,2
3049,897,39,6
3050,1388,62,2
3051,302,32,1
3052,743,60,4
3053,163,98,2
3054,1338,50,4
3055,791,36,7
3056,1072,51,4
3057,66,64,10
3058,1381,82,4
3059,1415,24,8
3060,1708,73,3
3061,236,94,9
3062,1106,11,1
3063,1813,22,9
3064,332,91,4
3065,734,46,4
3066,1412,2,3
3067,511,31,3
3068,1131,89,2
3069,109,10,7
3070,1619,90,3
3071,1964,13,5
3072,201,49,7
3073,1193,8,9
3074,1453,70,5
3075,1571,98,10
3076,907,87,7
3077,967,8,9
3078,882,11,1
3079,333,0,10
3080,71,39,6
3081,320,54,1
3082,1477,27,8
3083,1590,28,7
3084,1316,30,2
3085,1363,27,4
3086,1558,19,6
3087,196,42,9
3088,119,31,1
3089,699,2,5
3090,868,87,7
3091,1897,68,5
3092,1424,42,4
3093,1652,96,4
3094,728,97,3
3095,371,70,5
3096,492,68,4
3097,1625,64,5
3098,1076,30,3
3099,101,6,1
3100,331,71,8
3101,1322,73,3
3102,1,60,3
3103,666,14,4
3104,827,24,4
3105,1621,27,9
3106,1600,22,9
3107,1102,26,2
3108,660,39,4
3109,508,6,3
3110,1984,65,1
3111,1905,53,3
3112,1067,42,1
3113,1782,62,6
3114,1622,74,7
3115,353,8,10
3116,763,87,5
3117,700,27,4
3118,1363,25,4
3119,1514,70,9
3120,982,72,1
3121,1529,73,2
3122,1126,36,7
3123,693,15,10
3124,1218,13,3
3125,1798,84,1
3126,1209,30,4
3127,307,15,4
3128,567,73,5
3129,1800,62,4
3130,1937,50,6
3131,76,39,4
3132,893,77,6
3133,1391,82,8
3134,359,93,4
3135,704,7,3
3136,1546,10,5
3137,1157,69,4
3138,1596,43,2
3139,626,16,1
3140,1267,98,6
3141,1593,48,1
3142,833,21,2
3143,1156,5,6
3144,352,84,3
3145,1486,85,4
3146,1323,37,3
3147,395,81,8
3148,1019,13,10
3149,1564,60,6
3150,156,95,6
3151,1288,55,8
3152,1050,50,9
3153,761,25,2
3154,1031,1,3
3155,1351,65,3
3156,351,20,1
3157,1292,99,10
3158,1843,42,8
3159,992,20,4
3160,1706,98,3
3161,1863,12,7
3162,1832,40,3
3163,1696,74,8
3164,1421,35,4
3165,280,53,3
3166,240,36,2
3167,268,7,8
3168,1061,84,10
3169,36,2,2
3170,220,66,4
3171,681,94,2
3172,561,92,8
3173,1816,15,5
3174,1199,74,8
3175,1779,59,7
3176,644,19,8
3177,468,74,10
3178,63,53,1
3179,176,33,7
3180,141,45,9
3181,93,56,9
3182,975,78,1
3183,1752,77,3
3184,254,26,4
3185,262,39,6
3186,514,90,7
3187,1036,95,5
3188,402,91,9
3189,515,77,1
3190,1937,10,1
3191,951,62,7
3192,1616,55,8
3193,964,67,3
3194,405,25,7
3195,125,31,6
3196,1541,76,1
3197,577,22,10
3198,71,17,2
3199,839,11,4
3200,1015,68,3
3201,1167,83,3
3202,1405,96,7
3203,513,25,6
3204,988,33,3
3205,246,3,2
3206,1911,72,8
3207,265,48,4
3208,1457,73,8
3209,1573,17,8
3210,223,2,8
3211,572,86,2
3212,895,27,4
3213,588,4,1
3214,1607,1,6
3215,1334,53,2
3216,1520,22,10
3217,1805,97,4
3218,227,59,9
3219,1646,27,5
3220,104,44,9
3221,7,50,3
3222,1663,30,10
3223,1268,17,8
3224,119,60,8
3225,1496,30,4
3226,1443,73,10
3227,1984,74,1
3228,531,33,10
3229,1094,72,7
3230,650,77,9
3231,32,30,3
3232,459,44,5
3233,1553,47,7
3234,1738,39,6
3235,1781,34,5
3236,1663,32,10
3237,1935,47,10
3238,598,4,5
3239,1507,15,6
3240,1508,45,1
3241,76,79,9
3242,1206,88,4
3243,1580,34,9
3244,1788,58,5
3245,1957,48,6
3246,1983,64,5
3247,16,71,6
3248,330,44,4
3249,441,65,9
3250,791,32,8
3251,1387,47,2
3252,187,5,6
3253,932,9,6
3254,601,41,4
3255,1922,23,9
3256,1817,10,7
3257,1841,21,2
3258,1278,72,8
3259,451,71,8
3260,82,25,8
3261,1522,32,8
3262,692,95,9
3263,721,1,5
3264,1950,87,6
3265,166,18,4
3266,1936,0,5
3267,274,59,4
3268,598,86,10
3269,159,17,7
3270,1990,1,3
3271,1485,64,9
3272,1800,39,3
3273,1542,59,10
3274,129,19,7
3275,250,47,4
3276,1344,50,5
3277,900,79,5
3278,1445,20,2
3279,432,98,9
3280,297,87,1
3281,951,95,4
3282,1321,60,1
3283,333,89,9
3284,761,50,7
3285,1638,8,3
3286,635,51,6
3287,542,31,4
3288,915,20,1
3289,474,61,2
3290,835,10,1
3291,356,18,4
3292,558,29,6
3293,579,66,10
3294,1697,11,1
3295,1607,44,10
3296,252,33,5
3297,1163,88,1
3298,1978,11,8
3299,1890,18,8
3300,1022,86,4
3301,210,99,2
3302,20,15,6
3303,386,65,3
3304,299,79,4
3305,1214,65,2
3306,1131,19,2
3307,1700,92,2
3308,487,17,2
3309,1077,98,4
3310,980,56,6
3311,1842,63,9
3312,1257,99,7
3313,834,17,4
3314,486,93,2
3315,1266,27,4
3316,701,56,9
3317,41,45,6
3318,561,41,2
3319,916,39,9
3320,225,29,10
3321,1056,40,7
3322,814,91,2
3323,574,60,1
3324,1636,29,6
3325,1443,30,6
3326,1117,26,7
3327,781,6,2
3328,785,90,10
3329,1195,90,4
3330,1733,28,8
3331,386,65,6
3332,1970,17,3
3333,1380,70,1
3334,941,23,7
3335,1519,63,6
3336,695,38,10
3337,1104,5,9
3338,1489,8,8
3339,757,4,6
3340,974,13,6
3341,1604,65,7
3342,1688,69,2
3343,1380,69,3
3344,197,29,9
3345,966,33,3
3346,1658,73,9
3347,518,87,8
3348,52,51,6
3349,1177,33,5
3350,1735,74,2
3351,1199,39,6
3352,1359,27,8
3353,190,64,1
3354,506,47,6
3355,1597,19,4
3356,1023,1,2
3357,1264,31,9
3358,595,95,8
3359,369,47,9
3360,216,55,10
3361,1474,71,5
3362,76,79,5
3363,815,98,9
3364,974,67,5
3365,1680,54,10
3366,827,64,1
3367,1488,57,6
3368,1225,34,4
3369,265,64,6
3370,1406,62,9
3371,1033,17,10
3372,880,27,2
3373,1757,52,7
3374,1165,18,8
3375,736,29,1
3376,475,75,7
3377,672,70,3
3378,592,61,10
3379,67,3,6
3380,665,63,4
3381,802,19,7
3382,1913,10,5
3383,124,44,9
3384,1832,61,4
3385,1216,97,5
3386,1283,77,9
3387,413,32,6
3388,491,92,3
3389,1732,14,3
3390,513,15,9
3391,172,8,6
3392,558,34,5
3393,1005,7,7
3394,556,48,7
3395,1412,71,1
3396,1502,31,10
3397,404,98,8
3398,108,19,8
3399,384,16,2
3400,413,85,4
3401,52,13,2
3402,959,64,5
3403,1580,58,2
3404,970,14,5
3405,1724,15,8
3406,223,87,9
3407,1554,82,2
3408,1861,7,5
3409,1883,57,2
3410,1925,29,2
3411,134,57,9
3412,88,43,10
3413,1455,97,8
3414,723,30,2
3415,1383,74,2
3416,1817,52,2
3417,323,65,4
3418,1607,55,7
3419,779,43,2
3420,1765,6,3
3421,1132,55,7
3422,786,37,6
3423,1693,29,1
3424,1407,33,9
3425,552,51,7
3426,256,78,2
3427,1549,90,5
3428,1423,30,3
3429,1291,60,1
3430,1882,51,5
3431,1724,31,10
3432,1215,90,7
3433,1518,84,1
3434,960,72,6
3435,379,2,10
3436,342,71,8
3437,1084,5,8
3438,1306,45,4
3439,727,37,1
3440,1584,12,9
3441,419,52,5
3442,532,73,9
3443,668,55,6
3444,1581,96,9
3445,462,21,4
3446,1553,57,6
3447,1995,28,2
3448,158,22,1
3449,690,10,1
3450,1279,3,3
3451,1169,84,1
3452,776,69,1
3453,276,78,4
3454,194,82,7
3455,910,45,6
3456,519,79,6
3457,1661,26,8
3458,1205,79,2
3459,1894,74,2
3460,1756,16,10
3461,960,6,1
3462,803,9,5
3463,1104,95,10
3464,442,21,1
3465,609,21,6
3466,731,68,1
3467,592,19,5
3468,1202,18,8
3469,43,83,8
3470,1114,11,3
3471,1099,85,9
3472,1495,54,6
3473,1525,45,4
3474,298,57,4
3475,848,43,7
3476,309,94,2
3477,1801,12,7
3478,1199,64,1
3479,277,55,7
3480,515,77,8
3481,954,55,5
3482,650,14,3
3483,941,92,9
3484,128,67,5
3485,632,83,2
3486,1501,85,1
3487,732,28,10
3488,1106,24,3
3489,1259,20,2
3490,1575,9,1
3491,1099,2,5
3492,1041,0,2
3493,1712,5,9
3494,802,31,4
3495,1415,75,2
3496,1995,74,1
3497,1036,85,10
3498,1807,93,5
3499,937,8,10
3500,905,23,10
3501,1459,97,2
3502,1627,66,6
3503,1850,47,7
3504,712,53,8
3505,413,8,1
3506,578,65,10
3507,557,99,3
3508,1435,64,2
3509,381,66,4
3510,1097,30,3
3511,849,74,9
3512,1700,16,9
3513,1702,25,6
3514,1873,81,5
3515,169,45,5
3516,1929,33,2
3517,564,41,7
3518,399,78,1
3519,1394,76,10
3520,1707,32,1
3521,923,1,3
3522,833,46,6
3523,473,28,9
3524,219,7,9
3525,1703,56,9
3526,194,60,7
3527,910,97,4
3528,318,1,1
3529,1641,47,9
3530,422,8,4
3531,481,21,1
3532,776,9,1
3533,1618,51,2
3534,1113,13,2
3535,623,95,5
3536,477,25,4
3537,6,75,1
3538,889,49,8
3539,449,26,4
3540,1099,99,7
3541,902,58,7
3542,443,48,2
3543,1354,25,5
3544,1324,86,3
3545,643,23,3
3546,419,38,6
3547,1347,88,4
3548,1888,58,2
3549,4,61,6
3550,1764,70,5
3551,1805,14,10
3552,319,87,8
3553,1163,54,9
3554,1279,92,1
3555,1643,55,7
3556,1141,13,10
3557,1618,53,3
3558,353,10,8
3559,289,37,10
3560,959,7,1
3561,500,28,10
3562,1100,15,8
3563,132,41,8
3564,554,36,6
3565,626,92,7
3566,0,48,2
3567,759,52,6
3568,1107,54,8
3569,748,72,5
3570,586,21,9
3571,216,12,8
3572,1409,74,5
3573,288,93,10
3574,417,9,9
3575,1053,94,2
3576,1288,65,3
3577,44,13,8
3578,633,26,9
3579,1815,82,5
3580,256,39,10
3581,531,3,3
3582,1752,56,4
3583,969,73,7
3584,1674,50,6
3585,487,86,1
3586,1646,12,6
3587,556,58,7
3588,875,5,7
3589,235,18,2
3590,1978,45,1
3591,171,40,2
3592,1705,82,1
3593,1770,86,2
3594,1871,3,5
3595,1150,86,4
3596,315,50,4
3597,496,86,5
3598,1084,32,8
3599,270,14,10
3600,1270,25,6
3601,1723,62,2
3602,770,0,10
3603,988,52,1
3604,554,82,9
3605,1527,96,6
3606,1592,57,7
3607,886,94,4
3608,1988,41,9
3609,1661,15,10
3610,1554,25,8
3611,287,77,3
3612,261,16,7
3613,1055,87,4
3614,1544,16,1
3615,705,70,9
3616,904,71,8
3617,409,69,7
3618,1674,14,7
3619,1770,19,4
3620,233,68,9
3621,1327,52,4
3622,1880,21,10
3623,1817,54,9
3624,234,4,6
3625,1014,91,1
3626,1032,20,4
3627,236,23,5
3628,967,93,9
3629,728,99,6
3630,1305,84,2
3631,1087,2,7
3632,866,69,7
3633,912,57,7
3634,1884,4,3
3635,171,24,5
3636,225,87,4
3637,1687,20,3
3638,1386,13,5
3639,112,88,8
3640,364,16,1
3641,883,41,10
3642,1719,43,7
3643,1416,43,1
3644,1275,24,2
3645,1027,40,3
3646,110,15,6
3647,914,8,4
3648,1764,60,5
3649,1376,52,4
3650,638,10,5
3651,720,77,3
3652,332,58,5
3653,617,27,1
3654,553,15,1
3655,1062,22,5
3656,1868,60,3
3657,468,39,4
3658,853,14,4
3659,1272,60,8
3660,1275,13,4
3661,1350,44,1
3662,1043,37,3
3663,887,96,1
3664,1554,33,1
3665,39,42,10
3666,485,75,4
3667,1583,87,1
3668,1922,29,5
3669,1676,20,9
3670,708,64,8
3671,312,57,2
3672,907,56,7
3673,1897,12,2
3674,1991,80,1
3675,1615,34,2
3676,63,8,4
3677,1370,27,2
3678,519,17,1
3679,616,44,5
3680,1948,60,5
3681,501,50,2
3682,1543,60,5
3683,1579,68,7
3684,1135,38,2
3685,1959,50,9
3686,1528,38,4
3687,1392,88,4
3688,1963,50,4
3689,1361,84,4
3690,1058,28,9
3691,960,89,8
3692,1346,8,7
3693,1222,20,5
3694,1094,18,4
3695,1297,83,7
3696,1219,71,1
3697,683,56,5
3698,296,87,10
3699,150,77,3
3700,218,15,10
3701,1122,63,3
3702,290,78,10
3703,1369,60,9
3704,1918,31,1
3705,651,47,3
3706,668,11,10
3707,207,35,4
3708,636,44,6
3709,593,36,6
3710,191,60,3
3711,1998,61,8
3712,1194,31,6
3713,822,3,2
3714,1168,52,5
3715,853,20,1
3716,622,5,7
3717,1572,47,3
3718,1649,31,2
3719,561,49,9
3720,53,10,7
3721,648,28,4
3722,410,92,3
3723,975,66,1
3724,1464,76,7
3725,612,5,5
3726,815,48,9
3727,923,92,3
3728,561,3,9
3729,1096,39,5
3730,658,10,2
3731,731,26,2
3732,1844,10,6
3733,1476,40,7
3734,1729,36,1
3735,1873,59,3
3736,721,31,1
3737,614,3,10
3738,962,78,1
3739,675,91,1
3740,1726,11,7
3741,612,39,1
3742,1410,11,3
3743,1537,17,10
3744,1307,33,6
3745,1295,71,5
3746,358,29,8
3747,1628,49,3
3748,405,91,1
3749,907,24,3
3750,1840,89,10
3751,133,81,4
3752,1204,65,7
3753,1750,90,9
3754,922,28,3
3755,961,35,2
3756,1977,1,10
3757,1051,49,2
3758,1240,45,5
3759,1806,2,6
3760,328,75,7
3761,634,96,6
3762,95,57,2
3763,314,86,9
3764,1500,93,1
3765,464,20,9
3766,1643,82,9
3767,330,2,7
3768,480,75,7
3769,438,23,2
3770,1014,99,9
3771,1354,5,9
3772,1458,42,8
3773,1760,8,1
3774,365,55,9
3775,829,92,2
3776,1802,71,4
3777,426,87,1
3778,1812,85,2
3779,1322,87,10
3780,1505,35,1
3781,1818,22,7
3782,1137,73,2
3783,809,3,2
3784,1254,1,7
3785,1574,42,3
3786,1325,2,4
3787,1458,52,6
3788,1826,61,7
3789,393,41,5
3790,1134,12,5
3791,1769,81,5
3792,1731,12,2
3793,1022,70,6
3794,1626,52,2
3795,1999,13,8
3796,670,37,10
3797,1344,11,8
3798,1006,46,5
3799,1264,46,2
3800,919,59,5
3801,1125,83,5
3802,1668,52,5
3803,669,28,7
3804,99,9,6
3805,1151,62,1
3806,922,34,2
3807,381,23,6
3808,1221,87,2
3809,662,10,7
3810,119,98,5
3811,557,38,7
3812,221,42,3
3813,811,12,8
3814,864,90,6
3815,889,20,9
3816,437,64,5
3817,484,61,10
3818,1056,84,4
3819,1902,37,4
3820,1886,34,2
3821,1384,49,3
3822,253,38,3
3823,662,99,9
3824,1744,75,4
3825,1216,73,9
3826,1199,19,4
3827,1287,19,2
3828,327,2,9
3829,1762,8,4
3830,180,39,2
3831,1776,30,10
3832,289,40,9
3833,994,15,2
3834,903,71,4
3835,553,26,7
3836,365,79,6
3837,942,58,8
3838,694,12,7
3839,1582,69,4
3840,70,23,9
3841,156,24,10
3842,1178,18,8
3843,1648,2,9
3844,1686,8,9
3845,92,8,6
3846,1833,36,1
3847,1473,7,7
3848,61,77,6
3849,1037,50,9
3850,94,8,5
3851,1505,27,5
3852,841,12,5
3853,1446,84,3
3854,1538,49,10
3855,1426,53,7
3856,281,91,6
3857,1227,85,4
3858,571,46,3
3859,157,28,9
3860,882,27,3
3861,1872,93,7
3862,539,58,7
3863,1334,95,5
3864,1355,44,2
3865,486,59,6
3866,1451,49,1
3867,1339,69,6
3868,636,37,7
3869,1240,20,6
3870,542,31,10
3871,924,35,9
3872,378,22,9
3873,602,85,3
3874,330,11,1
3875,335,63,3
3876,342,92,8
3877,855,28,5
3878,520,32,4
3879,684,61,2
3880,524,96,1
3881,1180,81,7
3882,1188,92,6
3883,1784,72,6
3884,1632,53,9
3885,317,15,3
3886,1223,57,2
3887,1192,6,9
3888,26,44,4
3889,491,27,4
3890,362,69,2
3891,1804,44,5
3892,27,65,5
3893,295,28,9
3894,845,17,1
3895,1918,45,2
3896,513,89,7
3897,1599,48,1
3898,1534,78,5
3899,701,59,7
3900,893,3,2
3901,1259,72,6
3902,1900,22,7
3903,290,13,9
3904,636,92,7
3905,444,90,10
3906,1874,66,1
3907,903,29,9
3908,1403,35,8
3909,665,37,10
3910,729,69,6
3911,983,61,3
3912,252,29,8
3913,1630,54,5
3914,1117,61,1
3915,1038,25,4
3916,430,71,8
3917,1498,75,1
3918,1290,9,5
3919,1189,55,6
3920,977,42,7
3921,1069,62,8
3922,983,36,9
3923,1986,87,9
3924,175,12,2
3925,1107,6,1
3926,936,56,5
3927,563,47,8
3928,1631,65,8
3929,1288,25,2
3930,889,34,1
3931,333,91,9
3932,1211,16,10
3933,1826,85,9
3934,13,74,9
3935,1021,78,8
3936,1594,37,7
3937,1437,54,2
3938,479,60,7
3939,882,64,2
3940,1456,45,1
3941,974,23,7
3942,1880,84,9
3943,1021,24,6
3944,810,25,2
3945,430,30,3
3946,102,67,8
3947,591,18,1
3948,1727,50,4
3949,729,89,3
3950,309,93,9
3951,1861,79,2
3952,1737,53,9
3953,1276,2,10
3954,79,30,6
3955,1034,81,2
3956,137,4,1
3957,896,78,3
3958,1206,49,6
3959,1442,98,9
3960,784,22,2
3961,1598,43,10
3962,1002,45,2
3963,1830,73,9
3964,162,69,9
3965,1320,1,10
3966,1582,69,9
3967,281,59,6
3968,846,14,7
3969,1305,34,8
3970,1500,91,9
3971,798,64,10
3972,1122,73,8
3973,1186,97,8
3974,1377,52,9
3975,1067,89,6
3976,1874,6,7
3977,1209,76,8
3978,491,74,6
3979,1687,27,4
3980,1471,63,8
3981,1446,40,7
3982,1093,86,10
3983,324,0,5
3984,1181,50,10
3985,740,47,7
3986,1613,37,6
3987,1649,54,4
3988,757,36,1
3989,1562,10,3
3990,469,3,7
3991,694,61,6
3992,1137,79,1
3993,476,36,9
3994,845,19,4
3995,1252,56,8
3996,943,21,2
3997,1547,6,3
3998,1017,43,9
3999,1793,23,7
4000,165,89,5
