ID,date,time,storeID,customerID
1,1946/01/01,08:38:20,14,173
2,1943/08/17,09:47:33,48,566
3,1958/08/21,06:12:09,44,550
4,1940/03/31,11:04:44,95,780
5,1931/03/11,21:11:09,99,963
6,1960/10/13,22:19:49,67,579
7,1969/12/04,14:36:36,9,358
8,1915/05/06,21:53:34,86,793
9,1947/12/09,02:27:13,3,162
10,1933/12/21,20:21:36,54,686
11,1940/09/20,02:32:23,40,690
12,1946/11/02,23:58:53,64,531
13,1942/07/08,22:21:33,87,373
14,1907/05/12,23:36:48,63,27
15,1963/03/28,00:05:00,54,257
16,1966/01/07,10:49:50,36,464
17,1962/09/06,13:00:52,60,250
18,1952/04/24,09:41:20,45,360
19,1933/05/01,05:29:20,6,955
20,1989/10/11,11:49:31,26,665
21,1908/07/12,18:24:18,91,481
22,1951/01/12,06:29:14,97,665
23,1966/08/25,16:27:15,91,991
24,1954/02/10,17:22:04,1,746
25,1952/09/25,23:17:16,29,271
26,1957/08/15,11:23:51,51,402
27,1942/11/01,08:49:14,61,918
28,1948/12/26,15:46:18,97,944
29,1809/02/03,07:19:02,16,515
30,1968/01/10,04:23:08,64,376
31,1972/11/21,13:13:19,55,199
32,1939/09/17,04:47:46,95,383
33,1955/01/01,10:12:27,68,480
34,1989/06/02,07:28:26,29,757
35,1936/11/28,22:08:56,41,842
36,1906/09/25,07:02:59,97,614
37,1966/09/19,06:12:59,61,641
38,1977/05/21,09:15:11,85,278
39,1963/04/20,16:00:33,77,592
40,1947/01/05,03:20:10,61,289
41,1946/01/01,12:37:37,18,90
42,1950/02/25,01:35:06,100,843
43,1959/02/10,16:10:43,69,792
44,1864/01/01,18:04:05,38,913
45,1912/10/25,08:59:48,62,898
46,1933/05/03,20:25:25,15,19
47,1917/10/10,05:28:07,16,533
48,1937/01/10,19:15:07,97,635
49,1942/02/02,12:23:07,15,630
50,1933/01/16,23:47:52,1,624
51,1955/11/24,01:10:28,79,940
52,1983/04/01,11:39:07,14,227
53,1937/01/01,10:50:52,90,104
54,1939/10/13,15:50:21,16,142
55,1932/04/04,07:14:36,89,74
56,1943/06/17,18:52:15,55,67
57,1948/09/19,09:59:01,53,95
58,1942/11/25,18:54:19,5,84
59,1917/07/12,01:50:23,23,482
60,1929/01/26,22:51:46,11,670
61,1963/06/07,19:40:58,20,720
62,1936/07/09,10:27:07,11,621
63,1970/04/29,01:12:06,42,309
64,1953/01/24,20:26:49,64,50
65,1982/01/01,17:00:42,11,201
66,1930/09/07,22:28:39,99,183
67,1927/03/11,14:19:30,70,699
68,1980/08/26,13:05:07,15,751
69,1962/08/05,09:09:21,96,62
70,1932/08/01,04:50:35,97,5
71,1957/06/19,11:54:50,85,198
72,1903/06/19,05:30:19,73,810
73,1958/07/14,06:49:18,46,187
74,1981/09/19,03:43:07,2,90
75,1931/12/08,14:07:27,86,22
76,1929/09/08,14:54:48,78,461
77,1971/05/30,17:44:30,97,954
78,1961/01/01,19:37:58,85,92
79,1974/03/26,06:34:28,12,640
80,1958/05/04,03:56:04,66,950
81,1960/01/06,21:37:07,57,358
82,1950/01/01,08:16:22,100,891
83,1937/03/26,02:20:44,23,352
84,1957/01/01,11:33:18,60,177
85,1925/06/11,03:37:11,3,389
86,1960/08/13,06:03:09,100,933
87,1924/04/06,14:57:31,93,534
88,1930/10/10,16:07:44,43,484
89,1928/01/14,12:01:39,68,21
90,1940/09/20,16:32:41,94,679
91,1943/04/20,22:21:02,45,717
92,1939/04/20,03:15:13,77,174
93,1944/01/01,10:52:28,5,117
94,1970/08/17,10:59:05,26,274
95,1943/09/21,06:05:25,61,319
96,1951/09/04,17:54:50,59,29
97,1955/05/09,01:35:25,91,660
98,1919/07/15,23:28:28,2,624
99,1938/05/03,13:18:14,23,645
100,1941/01/01,21:08:09,59,426
101,1929/03/26,11:31:04,27,510
102,1974/03/26,04:11:15,43,186
103,1954/04/23,09:06:00,40,28
104,1933/02/26,06:33:24,1,921
105,1938/03/17,23:56:51,2,138
106,1976/03/29,21:49:32,24,512
107,1952/06/14,22:14:20,49,169
108,1928/03/12,13:25:33,29,658
109,1860/07/07,18:16:07,36,8
110,1930/01/10,00:12:19,88,492
111,1967/12/07,07:29:53,42,965
112,1940/01/01,04:38:01,58,502
113,1951/07/08,16:35:21,82,319
114,1912/05/27,06:34:58,98,706
115,1923/08/26,17:35:22,68,564
116,1944/03/31,17:23:20,87,824
117,1953/01/23,14:42:46,51,868
118,1947/01/12,15:59:27,21,648
119,1971/07/18,03:49:31,66,112
120,1941/02/08,16:47:44,6,873
121,1941/09/28,12:03:07,8,846
122,1951/01/01,23:51:09,29,399
123,1935/12/18,12:19:48,64,251
124,1948/06/28,22:10:46,59,126
125,1950/07/18,20:31:58,21,679
126,1955/01/01,03:19:43,21,219
127,1972/08/15,06:18:18,25,58
128,1936/08/24,22:25:48,11,274
129,1946/12/15,07:14:34,76,341
130,1946/07/11,02:47:03,18,797
131,1936/08/24,07:24:16,48,158
132,1945/10/28,09:26:16,91,275
133,1976/01/07,09:46:59,75,230
134,1947/03/05,23:29:53,21,203
135,1964/11/25,01:46:29,23,892
136,1929/08/24,18:44:39,53,43
137,1919/07/31,23:03:56,46,265
138,1867/06/08,13:39:40,11,704
139,1941/08/03,10:45:21,87,677
140,1964/01/26,09:28:09,29,60
141,1974/07/12,23:01:22,86,544
142,1976/05/31,06:48:56,65,253
143,1934/11/12,01:37:17,31,368
144,1944/02/13,15:23:23,66,431
145,1950/10/03,02:35:51,51,923
146,1925/08/12,17:12:24,28,324
147,1933/09/09,19:34:57,55,900
148,1947/01/01,01:27:26,22,259
149,1962/06/22,08:15:19,22,320
150,1928/01/30,10:02:11,26,933
151,1973/05/19,23:46:38,57,714
152,1947/01/01,13:47:05,52,86
153,1972/10/28,09:10:05,94,447
154,1948/12/03,22:16:36,63,855
155,1930/08/19,14:47:15,36,632
156,1943/10/13,13:15:17,53,522
157,1945/01/07,03:11:31,25,761
158,1966/01/03,07:14:48,71,925
159,1958/03/25,01:53:02,38,121
160,1932/08/01,02:19:27,65,566
161,1968/01/01,05:41:04,18,408
162,1949/09/09,18:14:51,80,578
163,1956/06/20,03:19:27,97,168
164,1967/02/02,17:20:21,58,862
165,1941/09/30,16:33:00,47,529
166,1958/12/01,10:48:22,89,538
167,1961/09/15,22:30:53,29,620
168,1944/02/11,13:54:37,75,210
169,1943/10/15,12:45:39,86,189
170,1958/11/22,23:45:20,38,295
171,1945/12/01,22:38:49,92,862
172,1960/09/02,15:44:54,95,704
173,1954/12/15,18:43:58,28,71
174,1885/03/07,22:52:08,80,237
175,1966/11/21,23:07:45,58,238
176,1945/06/17,13:40:51,49,717
177,1961/04/20,13:23:06,50,632
178,1930/07/02,16:39:43,97,43
179,1963/06/26,22:30:03,40,740
180,1936/03/06,09:37:42,27,494
181,1902/03/30,11:06:15,87,366
182,1939/08/07,20:44:46,8,935
183,1976/11/25,03:08:38,73,827
184,1936/04/01,11:53:09,64,966
185,1969/10/19,03:01:16,75,866
186,1936/05/16,09:03:49,94,628
187,1943/06/01,17:52:37,61,864
188,1936/10/03,19:07:01,62,509
189,1960/12/28,00:16:25,64,960
190,1959/10/15,03:08:25,33,930
191,1963/06/26,18:16:18,91,984
192,1935/07/07,12:20:18,21,53
193,1930/06/03,14:43:53,54,553
194,1959/02/05,13:40:01,35,955
195,1962/03/14,20:28:27,25,136
196,1785/04/26,09:41:30,48,673
197,1955/02/24,22:23:09,25,172
198,1946/10/14,13:33:34,80,525
199,1936/01/10,07:21:53,70,55
200,1931/03/11,08:53:40,4,763
201,1953/02/09,16:26:22,54,347
202,1946/09/17,16:41:14,97,977
203,1957/09/27,19:31:35,28,359
204,1942/05/22,04:16:55,32,409
205,1931/03/11,11:51:25,94,249
206,1948/06/12,20:33:36,1,335
207,1949/02/20,19:10:53,56,378
208,1949/05/30,12:19:52,15,372
209,1934/10/12,00:28:39,17,73
210,1899/07/21,23:41:15,5,668
211,1965/01/01,18:01:41,15,111
212,1946/02/28,12:53:51,69,334
213,1954/07/18,00:04:49,7,713
214,1956/03/13,11:32:35,79,978
215,1971/01/01,17:29:12,91,932
216,1941/01/01,09:14:45,62,367
217,1968/09/04,21:36:57,74,933
218,1975/08/07,19:47:48,88,898
219,1958/10/29,03:34:42,39,726
220,1954/10/11,15:04:46,100,363
221,1946/07/22,03:44:48,16,400
222,1936/06/23,12:48:20,7,984
223,1947/07/22,12:39:07,12,92
224,1836/02/24,04:38:51,78,115
225,1934/01/01,00:55:09,91,36
226,1952/04/10,10:57:11,12,531
227,1960/10/17,16:40:10,90,530
228,1965/05/17,11:09:48,56,813
229,1927/09/25,23:57:21,62,850
230,1937/05/06,01:42:15,86,799
231,1900/03/02,01:10:52,63,290
232,1930/09/26,20:50:06,31,362
233,1969/04/03,02:58:55,74,845
234,1980/01/27,15:28:10,17,169
235,1930/10/10,15:14:18,67,461
236,1908/11/12,16:52:29,26,339
237,1968/09/17,15:27:45,48,761
238,1954/08/23,16:02:25,91,360
239,1918/02/12,19:53:34,20,200
240,1833/05/07,03:17:33,38,872
241,1942/01/01,07:28:51,7,33
242,1944/01/26,03:37:58,93,546
243,1982/06/11,03:06:22,96,946
244,1953/05/06,10:57:54,8,214
245,1954/09/28,16:01:11,94,702
246,1883/06/05,05:02:51,51,754
247,1944/04/28,06:47:19,86,442
248,1937/12/31,07:22:37,31,763
249,1943/03/08,06:44:24,83,370
250,1964/09/04,02:09:00,69,148
251,1957/01/07,03:39:31,50,663
252,1968/07/08,07:30:48,10,993
253,1937/01/01,17:23:56,25,388
254,1960/01/01,22:37:43,9,690
255,1942/06/20,09:23:52,10,575
256,1971/08/28,06:52:31,88,244
257,1945/11/05,11:38:30,8,645
258,1942/08/28,05:56:14,1,646
259,1945/09/24,22:14:14,94,578
260,1967/05/28,19:51:56,96,184
261,1935/02/17,23:11:42,69,464
262,1960/01/06,05:34:17,75,573
263,1950/07/15,02:05:18,71,879
264,1942/12/26,06:53:16,1,99
265,1930/09/23,14:43:07,11,721
266,1928/03/12,19:26:54,93,13
267,1960/01/01,07:06:43,61,980
268,1943/12/27,00:49:54,71,923
269,1475/03/06,13:40:42,33,12
270,1948/03/22,17:00:27,55,586
271,1914/03/27,22:50:00,78,156
272,1955/02/19,00:15:22,64,213
273,1922/03/20,05:18:28,80,334
274,1936/01/28,17:32:17,47,315
275,1881/03/25,06:18:34,99,233
276,1962/11/19,22:36:38,60,835
277,1939/09/13,08:56:44,67,800
278,1906/03/19,20:41:38,84,587
279,1783/04/03,12:46:16,50,642
280,1946/03/22,00:14:58,59,56
281,1969/05/16,16:24:59,62,383
282,1966/01/01,12:15:51,71,879
283,1953/11/30,11:02:38,10,935
284,1948/06/18,04:30:35,40,298
285,1956/07/30,05:08:41,93,392
286,1964/04/07,07:41:54,91,492
287,1953/12/08,00:50:52,36,600
288,1908/04/05,02:21:22,49,595
289,1975/10/23,07:00:40,31,680
290,1925/10/23,22:34:18,36,698
291,1943/10/13,06:28:36,31,835
292,1959/01/13,09:46:42,47,949
293,1951/01/01,19:43:24,32,74
294,1986/12/22,21:05:27,14,393
295,1947/07/03,10:56:19,74,532
296,1946/06/24,11:09:31,1,642
297,1920/02/25,15:29:35,24,753
298,1942/08/24,08:04:13,37,286
299,1955/03/11,01:24:48,33,816
300,1958/05/30,12:38:15,9,732
301,1922/07/19,19:01:55,69,917
302,1927/10/11,03:22:17,21,555
303,1935/07/07,22:15:27,71,363
304,1947/07/31,13:45:17,5,967
305,1963/06/03,03:16:51,88,586
306,1953/12/28,14:45:56,13,984
307,1934/07/09,13:52:00,56,72
308,1896/01/20,00:20:06,84,944
309,1947/11/28,16:17:41,31,212
310,1953/07/10,01:07:31,81,866
311,1982/03/02,05:59:48,48,655
312,1979/12/27,13:59:45,57,488
313,1962/02/05,18:04:32,27,198
314,1933/07/07,17:52:11,80,686
315,1960/12/14,10:59:43,19,449
316,1924/04/03,18:18:11,54,930
317,1954/01/19,06:39:30,34,793
318,1956/06/09,06:50:58,68,130
319,1922/07/19,23:21:03,74,504
320,1913/06/27,07:06:57,54,94
321,1946/07/06,20:38:51,52,434
322,1933/07/07,18:21:50,60,721
323,1958/01/01,01:05:02,19,266
324,1954/05/16,23:54:01,37,697
325,1818/05/05,23:01:36,84,955
326,1955/04/27,21:14:33,33,73
327,1962/10/19,23:58:15,13,613
328,1945/01/01,17:22:34,9,714
329,1964/05/08,22:27:14,76,571
330,1948/06/21,03:39:40,65,251
331,1941/09/22,20:46:10,73,125
332,1986/04/19,04:24:10,74,315
333,1926/02/09,23:49:36,74,761
334,1962/01/30,01:32:20,21,357
335,1960/07/19,02:19:34,62,872
336,1954/10/17,09:47:03,86,217
337,1932/01/01,12:04:19,15,115
338,1953/06/01,21:17:18,55,328
339,1941/08/08,17:11:12,15,499
340,1933/05/11,23:17:21,94,673
341,1978/08/23,10:44:16,82,269
342,1963/05/10,01:08:55,7,785
343,1946/07/02,07:45:06,43,502
344,1931/02/08,06:00:58,33,344
345,1972/02/16,22:30:49,47,269
346,1936/11/19,12:00:19,15,759
347,1925/10/03,04:13:12,28,971
348,1967/03/19,21:12:35,92,630
349,1955/01/18,16:35:50,24,787
350,1973/12/02,21:10:28,2,952
351,1943/06/13,23:10:38,1,404
352,1961/01/01,05:00:36,1,912
353,1948/12/02,10:02:18,5,693
354,1929/09/08,12:12:39,78,528
355,1925/05/19,05:42:57,51,195
356,1968/09/16,15:16:20,6,383
357,1934/11/17,17:31:46,8,567
358,1945/08/15,06:39:12,46,567
359,1966/08/02,21:58:10,40,636
360,1931/11/15,10:19:27,21,201
361,1941/04/24,11:33:36,73,498
362,1972/05/01,12:54:36,58,582
363,1980/03/31,06:14:07,3,358
364,1946/06/28,21:32:51,100,691
365,1957/12/18,07:43:30,58,499
366,1941/08/11,19:51:05,47,534
367,1971/12/24,15:54:25,39,431
368,1959/09/16,12:23:17,54,945
369,1919/07/31,05:54:15,77,300
370,1960/09/17,02:50:54,91,549
371,1950/04/01,13:02:04,15,285
372,1938/06/16,23:41:57,89,323
373,1973/12/02,07:56:57,83,696
374,1917/11/20,05:44:04,62,726
375,1951/07/28,09:41:46,19,289
376,1934/05/16,16:06:47,29,708
377,1929/04/06,19:15:37,32,135
378,1924/11/01,12:01:44,56,628
379,1957/07/13,12:24:32,39,135
380,1940/12/15,18:08:40,62,777
381,1950/01/20,07:52:11,9,289
382,1968/07/24,14:55:34,26,347
383,1948/12/27,04:06:37,84,1
384,1941/08/22,19:58:33,42,20
385,1952/09/25,06:23:14,67,814
386,1970/03/23,08:08:05,57,514
387,1982/06/01,19:48:18,63,658
388,1952/03/22,03:48:22,26,908
389,1961/10/18,16:58:10,17,612
390,1968/09/13,20:19:30,49,153
391,1963/05/11,10:42:13,1,471
392,1970/01/01,00:55:32,50,514
393,1981/07/08,15:29:52,91,617
394,1935/06/24,19:45:35,19,411
395,1971/12/24,09:45:51,25,664
396,1964/05/08,03:45:08,5,393
397,1942/11/15,17:50:52,85,944
398,1948/12/27,01:50:56,70,161
399,1946/05/20,20:29:11,99,245
400,1940/03/24,18:18:07,10,769
401,1925/05/28,00:41:11,75,913
402,1939/12/26,18:57:34,39,828
403,1962/07/31,01:08:10,26,563
404,1956/07/31,10:18:04,65,49
405,1956/07/26,20:29:36,91,304
406,1946/05/04,20:06:58,54,124
407,1946/01/01,20:27:21,69,310
408,1936/08/11,08:45:24,94,408
409,1949/01/01,15:44:51,84,943
410,1929/09/19,04:04:07,72,209
411,1946/05/18,05:06:34,22,602
412,1944/01/25,12:03:16,41,520
413,1928/06/04,05:57:50,19,231
414,1944/12/02,05:23:54,39,269
415,1848/06/07,15:30:28,92,843
416,1923/01/01,20:46:49,40,951
417,1962/02/21,12:34:40,75,337
418,1954/10/26,10:40:37,89,316
419,1940/10/04,02:37:26,87,499
420,1946/01/01,22:18:27,77,459
421,1963/05/24,20:50:16,11,11
422,1948/10/12,22:33:26,100,186
423,1973/05/24,14:45:19,31,585
424,1947/06/06,09:52:37,31,304
425,1946/07/21,10:59:58,76,174
426,1903/12/24,21:05:46,84,464
427,1967/08/10,12:04:32,53,879
428,1948/04/04,14:56:42,75,279
429,1917/07/12,17:41:41,81,876
430,1969/07/24,00:33:09,19,250
431,1969/03/24,20:41:17,30,276
432,1939/11/26,15:27:48,98,30
433,1981/01/03,15:55:08,4,621
434,1962/10/03,16:20:15,83,168
435,1967/11/13,08:35:17,74,705
436,1954/12/16,23:41:14,90,408
437,1930/04/03,04:32:57,73,210
438,1956/07/21,10:18:34,98,439
439,1943/10/01,12:33:56,33,401
440,1950/09/28,08:07:55,55,24
441,1930/02/27,06:17:10,78,803
442,1952/12/29,15:34:15,26,875
443,1933/06/08,15:29:29,90,128
444,1937/01/25,04:29:52,43,118
445,1933/02/03,13:41:36,86,394
446,1945/08/08,22:39:26,92,764
447,1986/08/28,23:38:00,92,444
448,1984/11/22,17:48:13,24,574
449,1969/03/16,18:52:07,56,931
450,1948/11/26,09:49:16,74,674
451,1946/10/29,09:39:52,71,49
452,1959/06/30,02:39:01,79,688
453,1941/05/24,09:37:11,77,450
454,1939/12/11,00:01:47,93,230
455,1926/02/23,23:30:42,75,295
456,1945/08/15,01:30:32,17,904
457,1944/05/05,05:19:12,77,316
458,1979/05/24,20:33:39,54,407
459,1936/10/26,19:55:53,4,750
460,1941/10/25,07:30:33,4,548
461,1969/08/08,17:34:12,95,145
462,1954/08/16,18:47:20,46,230
463,1941/09/22,15:58:48,15,443
464,1947/04/08,18:38:19,9,453
465,1963/07/29,16:10:44,24,150
466,1977/08/12,04:44:31,61,694
467,1955/03/25,15:28:52,13,931
468,1933/03/15,04:04:01,68,987
469,1926/02/23,07:54:06,95,481
470,1961/01/01,21:05:29,15,211
471,1970/01/01,16:46:32,53,500
472,1948/08/19,13:31:45,45,80
473,1934/11/24,11:15:08,58,510
474,1942/05/14,18:57:14,50,222
475,1943/03/26,02:56:44,19,844
476,1921/10/18,03:44:27,13,456
477,1902/02/01,23:07:26,12,262
478,1893/10/14,19:23:14,28,3
479,1939/01/11,15:04:07,65,570
480,1925/09/13,03:19:40,57,243
481,1929/03/26,21:48:59,82,710
482,1948/02/05,06:40:58,69,311
483,1946/02/13,03:19:50,63,905
484,1940/07/23,16:30:21,8,400
485,1899/08/13,16:12:04,77,189
486,1932/07/09,21:58:11,42,770
487,1942/03/01,11:35:51,19,819
488,1962/03/02,09:35:32,28,871
489,1950/12/11,11:09:23,43,750
490,1972/10/28,19:42:53,68,541
491,1732/02/22,16:37:57,11,811
492,1821/12/12,23:52:10,35,49
493,1948/08/09,06:29:53,50,598
494,1959/04/18,14:20:53,71,143
495,1930/08/08,09:19:39,54,51
496,1962/12/13,21:11:32,55,328
497,1973/07/25,22:45:40,67,663
498,1921/06/08,22:33:20,7,842
499,1947/03/16,07:03:19,21,157
500,1947/04/18,21:27:41,59,950
501,1951/03/07,23:29:49,95,714
502,1962/08/18,16:15:19,41,917
503,1915/06/10,01:19:08,24,53
504,1950/11/03,06:56:11,47,540
505,1942/06/14,14:29:24,28,219
506,1944/08/07,21:15:26,36,686
507,1938/10/03,14:39:44,17,684
508,1978/11/11,23:36:41,27,121
509,1924/12/12,05:08:50,51,430
510,1904/10/02,12:26:44,32,78
511,1921/02/04,09:06:10,54,960
512,1935/07/09,14:55:04,92,507
513,1950/01/01,17:55:44,93,239
514,1944/11/10,22:29:25,77,377
515,1931/06/20,15:51:24,34,287
516,1934/12/05,05:44:33,48,254
517,1899/08/13,15:30:22,72,967
518,1929/12/13,00:22:34,56,864
519,1921/03/06,18:50:40,3,579
520,1940/04/28,14:48:07,79,327
521,1936/07/10,11:16:30,81,98
522,1926/02/23,13:21:57,86,405
523,1942/10/23,07:44:06,84,608
524,1949/08/31,03:03:56,7,621
525,1954/05/30,22:09:16,4,149
526,1940/08/29,16:54:03,37,635
527,1948/12/27,20:02:03,87,186
528,1925/02/22,03:37:56,97,988
529,1935/03/12,20:57:47,81,916
530,1939/04/12,06:50:13,72,535
531,1941/04/10,21:50:16,87,458
532,1926/12/21,09:17:51,40,78
533,1949/11/24,11:40:54,69,929
534,1902/12/05,16:30:31,40,559
535,1954/01/01,04:07:23,59,495
536,1957/02/28,04:30:32,78,895
537,1942/02/20,04:34:41,40,960
538,1947/06/11,16:19:26,45,870
539,1916/01/12,22:18:17,72,602
540,1943/11/10,05:35:29,17,765
541,1941/11/19,01:57:59,83,559
542,1923/07/22,20:53:22,80,425
543,1955/03/05,03:17:45,31,274
544,1939/08/02,23:32:53,76,242
545,1944/12/28,04:47:05,29,555
546,1942/08/01,07:30:05,78,321
547,1923/02/25,20:08:52,14,495
548,1919/10/22,08:03:48,67,518
549,1946/12/20,19:10:08,5,61
550,1938/11/03,00:58:01,54,814
551,1976/05/31,22:48:21,41,186
552,1941/03/04,12:21:22,83,341
553,1944/06/26,16:33:36,47,579
554,1951/07/29,10:50:25,36,372
555,1948/03/04,16:42:56,35,346
556,1954/08/30,10:32:45,18,73
557,1965/01/14,22:47:20,74,922
558,1950/03/18,05:34:06,42,893
559,1946/02/13,22:16:01,91,283
560,1924/06/03,06:12:32,3,93
561,1972/10/16,02:12:47,98,225
562,1951/09/25,17:05:21,60,890
563,1959/10/26,18:27:26,39,367
564,1965/03/09,15:21:33,13,958
565,1951/09/25,12:55:48,62,745
566,1934/09/10,16:42:46,4,711
567,1913/08/04,08:49:39,60,415
568,1958/09/26,10:01:33,9,23
569,1968/05/25,19:52:32,35,216
570,1949/01/14,15:25:01,88,59
571,1929/04/08,15:51:40,24,299
572,1974/05/08,12:29:40,64,329
573,1949/10/21,21:18:38,5,172
574,1939/09/04,14:45:14,88,537
575,1939/05/06,08:21:07,49,837
576,1925/01/01,22:17:41,38,396
577,1936/12/29,11:58:03,99,740
578,1887/07/28,20:11:38,56,918
579,1918/08/02,17:33:35,53,412
580,1971/08/06,18:01:51,49,413
581,1952/07/14,23:20:05,90,18
582,1961/01/02,23:53:29,91,879
583,1951/11/11,04:14:51,80,13
584,1951/11/02,12:47:04,7,285
585,1940/01/14,17:10:58,5,565
586,1938/01/01,04:32:36,19,214
587,1985/06/27,18:28:07,98,645
588,1950/02/10,02:44:10,19,323
589,1939/08/02,17:34:02,16,82
590,1937/10/19,20:39:38,4,728
591,1963/04/13,16:16:32,38,706
592,1923/06/17,15:55:08,44,319
593,1962/09/17,00:54:36,87,146
594,1959/01/01,19:20:09,20,863
595,1923/09/16,20:31:24,33,8
596,1924/01/01,11:19:04,27,435
597,1920/05/18,13:05:32,94,46
598,1969/10/17,12:52:07,60,288
599,1916/05/04,23:12:30,47,319
600,1928/01/09,03:45:46,66,998
601,1934/02/05,22:41:11,80,519
602,1958/04/03,20:32:09,22,216
603,1947/02/09,17:33:47,61,34
604,1961/02/10,16:54:59,50,672
605,1953/02/21,11:35:48,25,298
606,1944/07/12,11:44:51,27,656
607,1956/10/27,05:45:09,11,188
608,1923/05/28,21:35:24,30,349
609,1946/02/28,22:01:24,89,656
610,1937/08/25,13:23:13,92,418
611,1923/11/18,14:00:35,49,883
612,1949/11/10,11:21:55,47,983
613,1937/01/01,03:16:36,79,731
614,1891/06/09,00:56:06,66,950
615,1948/10/24,12:35:30,93,175
616,1954/09/02,01:45:48,23,635
617,1944/08/13,07:06:51,51,819
618,1969/11/30,07:36:33,42,542
619,1940/01/01,20:20:04,40,540
620,1968/05/25,04:26:12,90,110
621,1948/06/13,09:14:52,13,649
622,1981/02/17,23:56:00,100,83
623,1965/01/01,06:06:17,3,755
624,1948/11/05,10:44:39,45,101
625,1960/09/17,13:03:20,74,435
626,1940/01/21,05:40:22,19,761
627,1971/01/12,22:01:27,65,136
628,1879/03/14,18:32:04,38,744
629,1940/06/05,09:56:15,65,942
630,1938/07/21,05:38:18,53,590
631,1951/05/23,18:47:48,42,189
632,1937/06/23,11:13:43,53,554
633,1936/06/03,06:34:19,2,353
634,1950/09/28,17:35:46,69,986
635,1958/02/19,16:31:05,59,293
636,1947/01/23,07:00:08,88,998
637,1925/06/10,06:00:17,99,716
638,1959/10/07,09:51:12,70,764
639,1972/09/07,02:34:22,69,547
640,1977/04/21,12:31:14,63,344
641,1929/04/01,12:57:34,73,217
642,1944/11/01,12:22:49,65,865
643,1938/06/19,21:29:54,12,544
644,1952/01/01,18:30:00,79,318
645,1936/11/28,10:34:46,42,299
646,1951/09/04,11:36:15,92,634
647,1963/05/20,14:59:40,94,740
648,1940/09/11,17:30:20,57,51
649,1916/12/09,17:51:20,53,899
650,1942/01/08,21:12:28,53,633
651,1918/12/25,22:09:22,25,421
652,1972/12/28,01:09:09,47,279
653,1980/12/15,14:53:00,34,250
654,1933/08/18,14:10:12,53,791
655,1941/11/30,01:42:08,66,83
656,1944/02/22,10:39:44,1,429
657,1935/05/12,19:52:58,21,312
658,1933/06/06,04:25:18,81,829
659,1941/05/26,22:47:46,35,485
660,1936/07/16,14:56:43,10,665
661,1949/07/08,20:33:07,86,546
662,1942/04/24,11:38:11,27,445
663,1957/02/07,21:36:48,12,596
664,1946/06/20,11:47:42,35,549
665,1928/08/23,06:00:44,39,713
666,1956/04/24,16:35:39,55,717
667,1960/12/14,19:58:16,33,838
668,1929/06/10,10:33:04,58,632
669,1952/05/08,18:08:47,78,583
670,1970/01/01,19:55:16,17,600
671,1948/11/17,08:48:54,48,622
672,1952/06/19,01:37:38,69,131
673,1908/03/13,05:45:22,6,885
674,1949/11/08,18:54:48,28,833
675,1933/06/06,03:52:00,91,695
676,1968/02/15,09:26:49,2,609
677,1947/07/24,12:36:27,97,695
678,1942/06/18,00:13:55,1,92
679,1939/06/15,15:39:01,67,576
680,1888/09/26,07:23:16,74,192
681,1834/07/19,08:43:57,88,480
682,1939/12/26,05:38:22,45,474
683,1950/01/01,01:50:25,48,442
684,1940/03/24,02:28:36,77,169
685,1944/01/01,21:44:13,15,634
686,1977/08/09,11:21:20,49,537
687,1933/03/19,20:21:07,100,893
688,1946/11/30,16:51:43,53,97
689,1925/12/24,11:09:42,3,301
690,1974/01/20,01:06:06,70,751
691,1959/02/17,08:53:09,18,65
692,1908/10/27,23:20:46,75,715
693,1954/12/16,11:19:09,86,488
694,1970/10/12,11:49:07,58,897
695,1939/03/31,01:15:31,66,945
696,1982/03/02,18:40:55,68,212
697,1835/11/30,18:42:49,55,37
698,1923/02/28,17:59:36,59,132
699,1948/03/16,13:57:03,37,730
700,1943/04/20,00:50:45,29,122
701,1975/03/24,22:21:09,27,719
702,1915/12/07,05:10:41,48,920
703,1954/10/10,04:59:52,100,442
704,1965/10/26,05:08:14,73,80
705,1934/01/11,10:33:47,76,406
706,1953/01/01,02:49:45,83,660
707,1959/04/03,03:05:05,26,404
708,1942/06/15,03:49:11,44,833
709,1978/02/28,09:43:16,32,995
710,1966/06/25,11:17:23,100,673
711,1971/05/20,12:35:42,54,608
712,1936/05/16,09:32:53,72,280
713,1943/07/22,09:50:52,59,718
714,1972/03/17,21:35:10,84,199
715,1918/11/07,12:26:24,91,936
716,1928/03/12,03:39:04,6,513
717,1956/01/01,10:29:45,11,100
718,1937/04/19,07:41:22,10,886
719,1943/07/11,13:45:03,28,437
720,1961/07/23,00:35:32,88,959
721,1889/07/05,22:38:39,88,838
722,1973/04/04,08:57:10,79,986
723,1930/05/10,18:43:18,4,961
724,1930/05/15,01:58:58,98,946
725,1919/06/12,14:17:07,52,996
726,1925/03/21,10:31:31,21,239
727,1935/10/07,05:33:28,18,519
728,1807/01/19,08:51:15,95,211
729,1946/11/06,02:14:31,100,784
730,1950/01/21,23:42:33,98,957
731,1943/07/26,06:55:43,21,325
732,1944/10/07,18:52:30,19,510
733,1945/01/01,01:06:37,21,679
734,1933/11/03,16:56:31,11,144
735,1939/10/08,02:34:06,27,418
736,1939/10/18,08:51:51,74,461
737,1943/08/17,22:30:11,79,770
738,1930/06/20,11:40:24,32,246
739,1885/10/30,16:10:19,22,58
740,1948/06/21,01:25:04,90,748
741,1959/06/10,20:39:04,9,522
742,1949/05/11,06:36:10,79,822
743,1912/12/22,17:03:17,6,359
744,1951/01/26,08:02:21,11,517
745,1949/04/20,06:21:05,6,369
746,1964/11/06,09:30:02,40,978
747,1957/01/17,06:13:40,80,242
748,1947/07/16,10:00:39,85,386
749,1975/01/15,14:55:50,87,285
750,1945/09/23,21:00:49,85,513
751,1937/10/15,08:39:26,50,408
752,1813/05/22,18:42:50,95,337
753,1940/04/15,00:35:44,44,231
754,1965/02/07,00:05:02,7,395
755,1642/12/25,05:54:23,39,897
756,1969/09/12,14:10:30,69,192
757,1953/01/01,09:36:11,37,761
758,1985/06/30,21:07:43,90,418
759,1924/10/15,07:13:58,44,482
760,1957/08/06,09:14:17,100,142
761,1963/12/23,09:51:09,23,94
762,1937/06/07,16:27:29,54,497
763,1965/04/02,09:01:23,43,770
764,1939/04/14,17:59:05,58,475
765,1938/05/03,05:32:26,58,379
766,1984/01/18,12:14:18,69,588
767,1945/08/06,06:26:14,88,898
768,1929/08/27,22:16:23,14,780
769,1632/10/31,04:54:19,4,595
770,1936/12/05,16:49:26,70,757
771,1943/03/08,06:11:21,44,910
772,1971/10/29,21:18:31,74,406
773,1942/05/02,13:23:24,70,968
774,1967/01/04,14:20:35,8,470
775,1949/08/09,05:38:36,28,961
776,1948/09/03,04:17:50,95,133
777,1945/06/17,17:25:39,1,589
778,1932/04/02,14:43:44,25,415
779,1904/05/11,11:13:10,28,182
780,1937/04/05,18:57:56,30,720
781,1929/09/25,22:22:35,78,344
782,1938/05/03,18:54:05,17,445
783,1972/11/26,19:43:35,87,625
784,1969/01/19,09:27:50,45,789
785,1949/04/13,22:53:22,16,316
786,1948/09/29,02:31:32,47,142
787,1956/01/28,22:12:20,85,828
788,1951/02/11,09:53:34,17,819
789,1945/11/11,08:27:39,5,628
790,1947/03/05,10:43:20,19,125
791,1934/10/31,21:14:56,11,374
792,1946/10/11,20:55:01,68,145
793,1977/02/21,18:59:55,81,635
794,1973/12/02,18:20:57,53,463
795,1939/04/20,02:28:09,77,823
796,1920/02/25,07:01:04,28,146
797,1939/04/30,00:41:07,40,208
798,1943/01/01,09:02:01,55,329
799,1921/10/13,05:49:21,68,895
800,1973/07/23,11:49:45,98,210
801,1885/01/27,21:45:54,49,903
802,1941/03/07,02:35:52,74,339
803,1970/11/06,14:55:20,47,604
804,1914/12/02,13:48:43,17,257
805,1949/12/12,09:38:21,71,498
806,1930/01/01,12:49:19,40,660
807,1972/11/26,14:47:17,34,451
808,1950/01/01,20:58:18,34,226
809,1951/06/03,07:44:36,28,958
810,1960/12/14,22:21:43,29,995
811,1922/07/19,22:45:28,88,118
812,1968/12/17,04:09:57,57,816
813,1937/04/13,11:44:34,9,10
814,1936/09/02,09:07:33,8,449
815,1967/02/20,22:06:03,70,860
816,1937/10/17,03:36:09,11,565
817,1914/03/27,08:09:42,43,353
818,1956/06/11,20:53:59,21,254
819,1967/05/15,04:00:34,84,424
820,1949/10/21,17:06:59,7,783
821,1954/10/29,05:31:46,52,408
822,1916/02/26,17:43:06,9,38
823,1946/06/29,02:05:42,47,168
824,1902/01/09,12:39:18,3,528
825,1925/05/19,13:13:04,1,523
826,1953/11/21,21:58:10,87,921
827,1917/06/16,18:27:52,88,470
828,1960/04/29,23:07:49,19,225
829,1971/06/04,00:57:58,31,746
830,1944/11/20,02:55:25,77,817
831,1940/10/20,22:58:43,49,835
832,1949/12/07,04:17:34,44,747
833,1893/08/17,00:20:06,92,673
834,1951/07/28,13:06:37,14,644
835,1947/01/01,09:39:35,10,48
836,1943/01/01,07:12:37,20,612
837,1956/04/24,12:56:06,66,108
838,1963/02/20,09:53:29,95,598
839,1891/06/09,23:57:31,40,471
840,1971/05/26,12:23:22,87,417
841,1976/03/29,10:18:58,51,480
842,1927/10/25,01:41:50,86,730
843,1962/09/17,16:38:56,6,439
844,1920/02/25,12:30:10,90,581
845,1948/04/04,02:22:10,68,638
846,1958/05/12,20:16:34,20,950
847,1965/10/06,15:04:52,16,14
848,1943/09/25,08:37:20,92,886
849,1933/07/07,15:57:03,8,451
850,1941/08/08,05:56:02,71,352
851,1939/11/02,09:32:04,89,863
852,1906/03/20,00:22:20,93,559
853,1941/05/01,08:25:50,41,818
854,1955/01/01,02:22:31,63,680
855,1923/09/16,00:35:56,81,747
856,1891/06/09,14:23:14,52,446
857,1950/01/26,09:50:02,75,714
858,1973/04/04,09:30:11,10,436
859,1941/04/15,06:55:01,52,396
860,1958/10/29,02:43:44,49,300
861,1945/08/31,19:35:34,40,916
862,1947/03/14,20:11:03,15,666
863,1916/03/14,11:46:47,22,421
864,1952/06/12,17:36:03,40,971
865,1943/07/16,15:45:50,44,557
866,1908/08/27,22:43:09,68,13
867,1970/07/08,21:07:02,57,677
868,1943/03/20,09:56:44,21,208
869,1921/01/13,21:41:07,21,265
870,1969/06/15,15:18:05,68,928
871,1899/04/29,00:34:03,37,27
872,1917/11/20,17:17:01,96,527
873,1950/01/01,23:09:50,71,807
874,1910/03/23,10:20:37,60,216
875,1958/05/29,12:38:18,19,501
876,1957/07/12,13:53:07,57,844
877,1964/01/07,14:22:54,91,889
878,1929/10/12,05:44:28,66,337
879,1944/05/05,10:52:01,96,129
880,1946/02/19,00:35:00,13,324
881,1972/06/02,17:09:37,13,564
882,1953/06/21,07:47:10,80,776
883,1973/11/19,14:33:21,44,710
884,1945/07/09,06:18:32,69,319
885,1965/02/22,16:53:21,93,61
886,1941/01/01,06:49:29,79,904
887,1931/02/03,01:41:43,88,187
888,1923/10/27,10:51:22,92,369
889,1939/08/02,04:55:37,43,189
890,1969/06/15,19:45:11,20,627
891,1963/03/25,14:21:15,81,252
892,1948/08/03,10:44:11,4,749
893,1960/01/29,17:34:02,7,42
894,1952/04/02,17:27:28,48,887
895,1955/03/02,16:26:38,60,334
896,1974/09/07,03:52:53,93,598
897,1900/12/16,23:16:40,53,606
898,1960/07/19,16:20:46,8,810
899,1969/11/01,05:53:03,47,121
900,1948/03/28,19:54:29,78,907
901,1927/09/22,22:48:52,24,933
902,1936/07/10,22:59:11,56,308
903,1906/03/19,06:03:37,41,291
904,1923/07/06,15:39:38,21,886
905,1970/06/06,14:10:20,14,568
906,1828/09/09,17:35:40,73,832
907,1894/04/15,15:19:25,51,764
908,1937/04/13,00:40:41,94,560
909,1927/08/07,00:00:19,5,230
910,1933/03/15,20:30:37,50,575
911,1982/02/10,14:25:23,83,707
912,1957/11/30,16:58:47,13,419
913,1948/12/20,21:43:33,81,393
914,1945/12/22,13:02:52,73,545
915,1965/02/17,01:37:56,41,88
916,1732/02/22,01:38:15,9,268
917,1927/09/22,16:06:15,71,662
918,1941/03/11,17:09:22,11,400
919,1963/07/05,07:48:21,88,516
920,1911/09/02,16:20:31,74,484
921,1954/03/09,02:14:03,77,846
922,1975/01/15,05:50:35,36,571
923,1938/01/05,21:53:53,55,364
924,1962/01/01,06:05:10,42,451
925,1941/04/01,22:44:15,39,393
926,1968/08/23,20:43:09,6,244
927,1956/01/01,03:37:11,86,356
928,1956/12/05,09:53:53,56,520
929,1904/04/14,04:57:39,99,98
930,1962/12/25,13:14:35,40,775
931,1957/11/01,05:56:30,82,622
932,1944/01/01,23:01:31,37,385
933,1977/08/03,10:35:59,92,693
934,1946/10/27,19:47:23,48,296
935,1918/01/27,16:46:35,49,289
936,1971/09/13,10:32:35,83,795
937,1972/06/15,01:26:06,74,605
938,1947/03/18,22:32:57,71,55
939,1955/05/26,19:10:26,29,207
940,1981/01/31,01:21:15,66,445
941,1955/03/19,06:08:34,91,186
942,1960/09/17,19:20:43,40,2
943,1960/05/10,17:49:04,55,856
944,1941/08/22,19:16:35,33,166
945,1970/11/09,03:54:28,48,374
946,1954/05/20,11:32:01,44,424
947,1955/02/08,03:54:39,72,707
948,1956/11/20,21:43:20,75,57
949,1926/10/15,09:50:09,24,593
950,1930/05/31,21:52:23,84,254
951,1856/07/26,17:13:24,2,459
952,1931/06/20,02:06:20,66,634
953,1903/12/24,04:32:36,5,938
954,1902/01/09,23:59:22,7,848
955,1948/12/20,11:02:46,10,942
956,1936/11/25,13:27:35,17,471
957,1941/08/22,08:11:44,82,685
958,1928/05/24,13:58:37,47,821
959,1955/02/22,05:17:54,97,34
960,1973/11/19,12:46:51,64,933
961,1954/04/27,18:24:53,26,964
962,1948/06/23,14:30:06,22,639
963,1953/02/28,07:24:05,48,201
964,1933/07/22,04:27:24,36,348
965,1944/01/09,04:10:28,53,357
966,1960/01/01,11:24:35,57,574
967,1937/11/28,13:39:42,28,875
968,1964/04/01,05:32:35,26,201
969,1912/08/15,00:43:57,10,507
970,1946/09/25,02:02:32,45,209
971,1957/01/14,16:53:08,19,755
972,1942/04/06,19:08:51,23,392
973,1944/09/01,01:00:55,72,816
974,1955/11/13,20:19:32,79,752
975,1966/06/30,11:45:38,15,738
976,1958/07/11,12:42:25,85,315
977,1939/07/04,03:42:07,83,808
978,1947/06/21,06:20:22,91,984
979,1947/05/05,15:29:33,93,777
980,1973/03/22,07:36:12,57,531
981,1954/03/01,11:36:58,80,577
982,1971/01/11,02:42:21,34,44
983,1954/08/14,17:07:54,65,179
984,1953/01/01,04:17:54,26,512
985,1965/01/01,19:04:53,52,581
986,1923/07/22,07:08:34,39,669
987,1943/01/17,10:38:18,17,87
988,1961/10/31,15:24:45,76,863
989,1947/03/25,05:09:13,53,961
990,1975/10/12,10:17:08,11,407
991,1941/01/01,17:42:02,28,628
992,1945/01/01,18:12:14,26,713
993,1945/01/07,14:42:06,27,784
994,1942/02/19,11:05:34,17,127
995,1943/03/01,06:31:45,66,109
996,1928/03/10,13:37:43,45,819
997,1947/04/12,19:52:10,23,456
998,1956/07/09,15:27:13,54,308
999,1947/05/29,21:15:26,66,164
1000,1920/02/26,16:11:12,93,174
1001,1925/02/02,12:48:28,10,174
1002,1932/01/03,07:24:55,15,89
1003,1947/04/12,19:53:40,20,532
1004,1971/01/11,05:01:47,82,716
1005,1965/09/25,04:02:45,61,365
1006,1941/01/01,20:00:03,9,996
1007,1900/09/24,03:54:04,64,327
1008,1968/11/18,22:59:31,60,141
1009,1885/10/30,13:51:21,32,81
1010,1939/04/12,13:37:59,62,255
1011,1931/05/06,11:06:47,64,711
1012,1943/12/24,01:44:27,17,140
1013,1893/08/22,08:11:18,38,410
1014,1916/12/09,03:09:59,28,640
1015,1936/08/29,04:26:26,54,304
1016,1966/07/25,10:11:05,48,26
1017,1929/07/11,15:06:30,65,43
1018,1970/08/02,23:50:39,46,951
1019,1939/12/21,23:10:25,90,3
1020,1952/08/08,13:41:34,6,503
1021,1969/05/01,01:09:09,11,138
1022,1923/12/13,01:00:37,72,924
1023,1961/05/08,03:40:42,87,278
1024,1967/05/15,17:27:23,61,935
1025,1869/10/02,07:23:48,20,866
1026,1937/08/03,19:17:30,50,147
1027,1953/05/05,08:21:58,29,616
1028,1961/12/25,10:26:00,54,463
1029,1955/12/26,04:24:32,37,579
1030,1952/07/08,00:43:30,93,437
1031,1971/06/16,11:47:48,92,201
1032,1970/01/25,20:19:29,48,61
1033,1942/10/13,08:46:14,82,306
1034,1958/06/30,18:52:12,26,564
1035,1935/07/13,16:28:43,39,870
1036,1938/01/22,16:04:20,51,246
1037,1962/11/04,11:12:44,66,365
1038,1959/01/27,10:39:24,40,754
1039,1949/08/12,11:01:03,65,522
1040,1963/07/29,10:47:31,30,607
1041,1966/09/23,07:13:47,1,143
1042,1954/09/18,10:51:25,23,478
1043,1955/01/18,18:43:32,28,137
1044,1948/04/24,04:03:52,81,747
1045,1942/03/04,10:26:44,83,513
1046,1947/10/06,17:59:21,83,429
1047,1941/09/22,08:24:38,12,79
1048,1954/10/10,22:44:52,52,317
1049,1949/12/25,20:11:37,47,449
1050,1945/05/31,02:58:19,52,338
1051,1948/01/24,08:38:27,67,478
1052,1912/05/27,08:30:37,77,913
1053,1933/05/11,18:40:17,18,627
1054,1947/03/06,03:14:19,88,90
1055,1955/07/22,03:42:45,71,261
1056,1927/07/10,16:16:28,38,477
1057,1937/08/08,09:18:17,7,757
1058,1955/02/23,09:34:21,75,718
1059,1906/08/05,10:57:22,51,548
1060,1947/01/01,15:56:55,25,758
1061,1977/02/20,09:41:08,96,857
1062,1937/03/30,23:04:09,36,925
1063,1951/10/26,15:58:34,69,149
1064,1936/02/27,04:57:05,32,625
1065,1951/01/01,07:58:15,27,524
1066,1944/04/05,17:37:42,81,157
1067,1944/07/13,17:23:07,22,740
1068,1955/01/27,07:25:01,2,721
1069,1943/03/19,03:57:00,46,555
1070,1946/11/06,19:18:28,68,999
1071,1943/03/26,08:19:30,79,800
1072,1928/03/12,06:10:07,41,359
1073,1976/03/24,08:16:06,69,844
1074,1949/10/24,14:49:15,68,812
1075,1965/01/01,22:12:12,67,506
1076,1952/10/27,19:47:34,83,626
1077,1945/05/31,03:27:06,11,17
1078,1945/08/14,16:29:57,8,56
1079,1773/01/01,13:12:35,35,483
1080,1925/10/29,19:41:18,15,147
1081,1966/09/23,01:59:11,32,681
1082,1746/03/30,10:12:15,75,833
1083,1937/09/14,02:11:08,22,803
1084,1956/12/10,12:30:12,64,604
1085,1939/12/02,03:08:33,7,513
1086,1921/01/01,02:57:56,53,228
1087,1978/04/03,14:14:41,39,228
1088,1946/01/01,08:51:39,72,517
1089,1984/01/18,23:53:22,95,735
1090,1952/01/08,23:18:50,14,517
1091,1950/09/17,13:51:28,45,406
1092,1902/02/04,08:14:41,96,796
1093,1925/01/01,20:21:42,28,319
1094,1961/08/27,01:33:19,21,176
1095,1959/10/05,22:59:00,62,60
1096,1954/12/16,05:33:29,29,984
1097,1971/05/20,22:41:19,52,942
1098,1974/01/20,14:29:19,48,553
1099,1921/01/13,17:47:36,47,420
1100,1969/02/01,08:02:52,72,201
1101,1770/12/16,06:15:17,90,147
1102,1933/01/01,03:29:02,39,965
1103,1963/03/27,18:17:47,56,524
1104,1960/08/03,17:11:57,82,575
1105,1942/08/02,12:54:25,68,461
1106,1952/04/16,01:26:34,36,963
1107,1943/10/01,14:36:25,55,24
1108,1956/06/10,16:10:41,2,733
1109,1976/04/25,15:45:17,9,272
1110,1934/04/24,17:29:15,24,483
1111,1923/03/14,01:13:41,20,848
1112,1981/06/18,01:39:32,52,873
1113,1945/06/19,12:35:12,72,1000
1114,1942/01/02,20:35:03,93,369
1115,1963/06/26,11:26:21,17,199
1116,1945/06/17,19:48:45,83,625
1117,1941/12/01,21:02:44,45,383
1118,1937/11/22,04:33:46,9,438
1119,1955/05/11,14:39:20,96,776
1120,1968/11/01,15:15:53,64,828
1121,1919/01/01,09:33:01,88,315
1122,1953/01/13,01:25:01,3,675
1123,1933/05/23,05:27:15,70,642
1124,1922/10/22,05:01:51,70,380
1125,1948/12/24,06:12:47,16,800
1126,1972/03/17,12:27:08,36,755
1127,1918/12/12,23:34:58,6,58
1128,1935/07/13,11:35:27,58,404
1129,1958/08/04,07:55:57,24,789
1130,1818/05/05,19:08:54,23,28
1131,1948/11/26,08:49:49,51,96
1132,1968/09/04,06:13:18,87,139
1133,1939/10/14,04:24:43,90,906
1134,1953/02/09,09:37:39,67,242
1135,1920/07/10,03:07:29,59,970
1136,1963/03/09,11:20:47,63,180
1137,1961/01/01,14:41:47,22,919
1138,1918/10/11,02:25:35,7,992
1139,1971/09/15,13:22:39,38,293
1140,1965/11/30,16:03:25,1,712
1141,1975/01/15,02:20:40,94,63
1142,1942/06/20,16:07:24,94,267
1143,1904/10/12,06:04:17,7,851
1144,1970/07/08,17:59:35,72,82
1145,1977/01/26,21:38:06,5,139
1146,1939/05/01,13:48:24,49,166
1147,1910/06/23,15:08:14,13,974
1148,1925/11/20,05:49:33,38,350
1149,1947/03/05,11:55:26,85,434
1150,1957/01/13,09:27:13,8,444
1151,1936/04/17,05:50:26,61,643
1152,1970/09/21,02:42:57,10,206
1153,1914/11/25,03:23:21,90,317
1154,1924/11/24,14:33:05,40,845
1155,1935/01/08,02:48:46,64,99
1156,1947/12/09,01:27:31,34,658
1157,1894/02/03,08:47:33,37,833
1158,1952/03/19,04:55:15,39,344
1159,1939/07/30,10:48:01,74,564
1160,1949/05/06,21:08:38,36,315
1161,1622/01/15,01:11:20,57,238
1162,1943/01/01,13:56:42,87,673
1163,1940/04/15,00:44:29,15,301
1164,1955/08/20,20:03:10,76,586
1165,1966/12/09,08:09:50,90,36
1166,1947/11/07,06:11:54,5,288
1167,1931/10/25,23:48:13,69,534
1168,1982/01/05,03:09:18,12,450
1169,1903/11/03,21:20:05,83,892
1170,1954/12/16,17:42:52,90,591
1171,1962/07/31,22:36:41,2,270
1172,1948/09/03,16:23:45,22,752
1173,1909/09/07,06:22:35,86,244
1174,1914/11/25,13:31:41,65,509
1175,1946/08/20,02:54:30,46,462
1176,1951/01/01,05:16:08,38,756
1177,1943/07/11,12:46:36,92,420
1178,1964/12/16,15:28:36,91,675
1179,1943/06/08,19:36:09,78,948
1180,1978/09/19,18:44:12,100,823
1181,1953/01/01,02:53:59,71,341
1182,1977/10/13,19:38:46,88,738
1183,1956/07/17,08:43:26,7,187
1184,1965/01/01,13:47:05,80,744
1185,1954/11/14,10:56:56,94,25
1186,1940/02/13,19:22:17,75,167
1187,1962/02/07,12:07:59,22,326
1188,1874/10/20,23:12:34,70,635
1189,1922/01/17,13:59:42,26,334
1190,1943/06/13,00:16:59,100,181
1191,1954/01/01,19:47:50,81,876
1192,1931/11/15,16:19:28,14,935
1193,1938/10/18,01:46:28,86,811
1194,1960/04/28,10:07:01,31,622
1195,1948/01/16,07:29:17,93,934
1196,1958/10/29,06:32:45,12,939
1197,1938/01/01,20:31:22,69,828
1198,1960/07/17,21:22:26,93,29
1199,1955/06/01,14:38:49,45,596
1200,1952/01/01,10:29:22,28,141
1201,1946/05/20,06:13:50,76,970
1202,1948/01/22,10:44:23,4,115
1203,1953/03/27,02:23:38,20,358
1204,1934/01/01,11:10:35,8,705
1205,1973/12/22,02:58:49,100,259
1206,1919/07/20,08:34:28,40,716
1207,1963/08/09,16:47:57,56,463
1208,1904/01/22,07:13:38,19,858
1209,1803/12/11,02:50:26,90,936
1210,1955/09/04,06:23:21,48,725
1211,1943/08/11,00:07:15,60,500
1212,1942/02/14,13:00:27,43,919
1213,1821/11/11,13:33:35,86,221
1214,1932/09/25,17:48:50,19,645
1215,1970/02/08,12:21:03,68,59
1216,1949/08/11,09:39:28,37,948
1217,1963/12/29,08:05:06,14,11
1218,1942/05/22,07:03:29,75,853
1219,1956/02/19,21:52:07,76,343
1220,1961/01/10,16:21:00,49,794
1221,1902/02/01,13:52:23,44,321
1222,1926/03/16,00:33:05,40,541
1223,1963/10/05,06:04:13,91,153
1224,1950/03/18,10:52:16,69,837
1225,1946/06/02,05:43:19,79,714
1226,1949/07/26,11:07:21,27,228
1227,1929/11/08,08:31:09,54,873
1228,1968/09/04,04:49:23,17,465
1229,1964/03/16,20:29:05,11,711
1230,1944/01/25,04:08:53,95,60
1231,1973/07/26,08:27:34,4,865
1232,1925/03/26,09:07:47,12,145
1233,1927/02/17,11:40:07,100,339
1234,1915/11/25,12:34:09,69,25
1235,1933/01/23,04:39:38,12,867
1236,1678/03/04,10:35:34,47,589
1237,1938/09/03,07:19:34,37,607
1238,1948/01/01,16:31:21,20,180
1239,1945/04/12,17:20:06,6,266
1240,1916/06/19,23:48:41,75,927
1241,1966/03/25,23:11:15,34,396
1242,1945/12/06,23:26:49,31,136
1243,1918/02/12,21:15:27,59,292
1244,1972/10/05,20:10:41,94,546
1245,1967/02/25,02:08:08,43,22
1246,1974/08/21,10:15:11,2,87
1247,1946/08/16,08:03:07,47,936
1248,1915/05/06,14:12:52,23,294
1249,1953/03/26,23:19:48,60,464
1250,1919/01/01,08:48:20,40,562
1251,1933/01/23,23:54:54,25,746
1252,1947/07/03,04:31:15,3,435
1253,1930/05/15,17:39:38,67,385
1254,1961/04/22,07:03:32,63,124
1255,1923/01/01,06:40:57,65,388
1256,1960/12/22,15:39:53,92,761
1257,1948/02/28,09:45:37,85,141
1258,1933/10/04,22:48:27,24,202
1259,1966/01/01,21:22:24,53,352
1260,1951/09/21,00:48:25,76,553
1261,1977/08/09,12:37:37,14,112
1262,1949/05/06,23:06:36,90,690
1263,1917/11/20,07:35:50,5,320
1264,1755/01/11,03:25:32,95,370
1265,1965/01/01,16:44:52,38,181
1266,1944/02/10,06:24:39,50,148
1267,1933/02/26,00:55:56,86,71
1268,1963/04/13,07:51:39,54,67
1269,1946/05/20,05:52:25,25,845
1270,1930/03/22,09:50:53,29,433
1271,1964/03/09,11:05:09,82,705
1272,1954/12/05,13:56:58,29,737
1273,1923/07/06,09:10:35,100,154
1274,1933/04/03,13:55:10,100,759
1275,1970/09/08,04:47:26,99,958
1276,1932/10/30,06:29:56,61,485
1277,1981/08/08,19:12:52,42,635
1278,1942/11/17,06:49:26,25,334
1279,1934/05/06,17:07:33,21,805
1280,1926/10/12,11:51:36,75,628
1281,1940/12/24,10:41:23,7,714
1282,1962/02/11,14:28:30,91,915
1283,1862/08/22,07:46:10,19,747
1284,1921/10/13,00:12:34,11,363
1285,1856/12/28,05:04:45,31,824
1286,1954/12/20,10:47:27,77,438
1287,1951/04/30,19:45:41,2,35
1288,1938/03/24,14:19:17,64,895
1289,1960/03/08,11:21:00,62,698
1290,1945/08/08,05:17:24,25,690
1291,1952/03/20,11:59:43,32,456
1292,1944/01/01,00:12:44,54,909
1293,1952/10/08,09:12:47,68,780
1294,1939/10/18,04:29:49,44,113
1295,1767/07/11,08:17:18,56,454
1296,1948/06/28,08:02:40,98,724
1297,1966/09/21,14:08:07,68,347
1298,1957/01/07,08:06:51,82,817
1299,1909/06/07,13:17:11,78,415
1300,1953/06/27,00:23:54,51,644
1301,1875/06/06,20:05:02,7,536
1302,1941/10/25,00:43:35,74,567
1303,1967/07/31,01:14:20,35,90
1304,1944/05/05,05:08:31,58,666
1305,1890/06/12,08:22:25,48,904
1306,1941/02/20,10:09:20,24,359
1307,1959/08/14,14:41:47,56,719
1308,1946/02/14,18:23:38,68,379
1309,1969/04/03,21:26:53,86,736
1310,1924/04/06,20:28:19,4,389
1311,1922/10/31,11:39:28,96,358
1312,1946/06/16,15:27:44,20,753
1313,1958/03/09,13:11:24,59,974
1314,1950/05/13,13:46:47,67,627
1315,1936/06/23,19:12:08,16,13
1316,1949/04/20,01:00:56,35,565
1317,1964/08/02,01:42:02,15,298
1318,1966/05/17,03:44:12,33,824
1319,1947/10/26,17:13:20,22,201
1320,1954/08/20,18:32:59,44,3
1321,1949/04/20,19:54:43,20,555
1322,1948/10/16,23:10:25,90,73
1323,1945/03/30,03:44:28,34,860
1324,1944/02/13,19:05:03,65,724
1325,1935/07/13,10:47:31,77,806
1326,1952/03/20,09:40:22,75,679
1327,1931/05/02,15:12:32,78,54
1328,1952/03/20,16:48:44,40,691
1329,1946/12/20,13:33:41,81,632
1330,1975/09/02,23:23:55,17,420
1331,1969/10/19,09:26:19,28,839
1332,1955/02/06,17:31:14,1,150
1333,1949/10/21,22:04:56,96,909
1334,1939/10/18,15:17:24,100,115
1335,1953/02/09,09:16:19,70,272
1336,1935/12/30,15:07:34,45,903
1337,1972/02/23,06:12:55,86,320
1338,1967/01/01,06:38:52,5,435
1339,1945/10/28,00:44:36,2,722
1340,1987/11/03,19:41:03,71,72
1341,1977/02/13,18:21:11,84,826
1342,1930/01/01,10:02:32,54,304
1343,1945/01/01,09:37:29,16,999
1344,1976/07/23,23:49:36,42,57
1345,1946/05/24,06:12:35,4,976
1346,1942/01/02,07:22:12,36,543
1347,1948/09/29,22:54:03,21,94
1348,1973/07/26,22:47:22,66,374
1349,1953/11/28,21:25:43,56,804
1350,1957/12/06,22:16:11,85,28
1351,1948/08/06,22:48:36,62,610
1352,1973/01/30,07:42:15,73,832
1353,1844/05/22,11:18:33,6,182
1354,1954/12/26,00:05:07,91,490
1355,1932/10/27,03:14:40,39,146
1356,1844/05/22,05:04:37,95,71
1357,1942/08/14,02:32:20,23,515
1358,1953/01/05,21:43:37,55,622
1359,1948/06/18,19:55:39,42,875
1360,1945/10/27,03:59:56,74,66
1361,1975/01/01,08:16:36,2,690
1362,1941/11/19,16:28:05,11,232
1363,1964/07/26,00:13:35,68,835
1364,1931/11/05,00:48:47,76,941
1365,1968/12/14,18:35:25,20,519
1366,1956/02/24,03:45:31,8,312
1367,1934/07/24,09:27:40,46,160
1368,1980/09/30,17:05:34,22,829
1369,1950/02/10,21:27:26,99,368
1370,1951/06/02,05:26:42,50,297
1371,1965/03/09,03:14:19,84,949
1372,1948/06/23,16:37:15,22,281
1373,1946/11/16,09:09:08,16,517
1374,1890/10/02,05:54:58,92,548
1375,1943/08/19,02:26:55,68,493
1376,1963/12/18,22:19:22,30,495
1377,1832/11/29,22:09:28,62,172
1378,1882/12/11,20:16:40,63,347
1379,1904/01/22,16:49:06,42,824
1380,1956/07/31,06:13:40,44,913
1381,1907/07/06,01:01:25,57,338
1382,1936/02/27,03:47:50,71,296
1383,1940/07/13,17:57:46,86,499
1384,1960/08/31,22:04:12,14,668
1385,1925/07/10,20:05:06,12,181
1386,1927/02/10,05:37:12,17,650
1387,1935/10/12,03:40:42,62,956
1388,1971/08/04,23:20:52,35,804
1389,1935/05/01,22:53:48,88,54
1390,1933/11/26,14:25:03,18,188
1391,1950/10/12,01:37:18,1,268
1392,1947/06/13,21:54:05,76,455
1393,1954/10/18,09:18:12,25,940
1394,1944/01/06,20:30:08,65,962
1395,1943/10/10,20:55:28,81,926
1396,1966/08/14,12:22:10,100,427
1397,1933/09/17,12:38:07,78,155
1398,1917/07/12,21:10:37,35,809
1399,1959/01/01,00:19:52,44,124
1400,1947/01/01,15:54:01,42,998
1401,1932/06/11,05:05:31,17,323
1402,1952/02/15,12:59:04,24,498
1403,1946/07/06,08:23:56,16,442
1404,1942/10/15,22:05:52,21,129
1405,1971/06/10,20:54:49,25,612
1406,1944/11/28,07:15:36,6,587
1407,1916/12/17,09:53:09,96,986
1408,1953/05/02,18:44:47,4,201
1409,1947/10/29,22:36:56,74,22
1410,1956/09/12,19:54:04,3,242
1411,1936/02/11,20:23:53,15,303
1412,1955/02/21,04:08:52,29,843
1413,1936/11/19,01:32:38,3,759
1414,1972/08/30,04:26:49,67,711
1415,1958/03/09,00:19:30,16,734
1416,1963/10/10,10:56:34,96,49
1417,1949/04/20,15:07:54,10,870
1418,1960/12/28,04:53:56,43,205
1419,1976/07/25,02:30:38,72,431
1420,1930/01/10,00:32:03,16,463
1421,1907/08/08,13:12:28,36,796
1422,1933/08/25,22:44:31,34,52
1423,1946/06/20,21:39:00,58,978
1424,1893/04/20,10:01:40,9,460
1425,1947/10/22,21:59:46,44,418
1426,1972/05/06,15:04:05,50,278
1427,1944/12/15,15:03:05,65,989
1428,1930/03/06,20:02:39,69,991
1429,1949/04/11,12:28:50,39,452
1430,1936/02/21,00:58:31,40,180
1431,1900/09/24,22:25:32,67,738
1432,1980/06/26,05:09:19,49,719
1433,1946/09/26,06:55:05,98,452
1434,1935/10/01,11:04:19,5,997
1435,1960/01/01,23:59:55,84,862
1436,1970/08/12,02:52:20,16,501
1437,1943/03/20,21:54:01,28,732
1438,1952/01/01,10:55:29,64,291
1439,1966/07/10,02:17:34,13,677
1440,1956/12/10,03:34:37,55,633
1441,1961/12/19,04:44:02,42,67
1442,1968/07/24,18:09:58,40,353
1443,1941/09/08,21:09:04,68,577
1444,1970/08/02,21:35:21,41,39
1445,1962/11/06,20:50:37,74,640
1446,1938/06/09,03:02:08,75,885
1447,1942/03/01,11:34:28,3,354
1448,1962/11/27,10:02:45,87,397
1449,1950/08/11,20:40:28,16,780
1450,1955/02/10,00:23:42,49,574
1451,1937/10/19,14:59:45,22,543
1452,1950/12/21,06:52:58,4,779
1453,1945/03/20,11:18:09,69,848
1454,1932/12/14,20:24:38,48,890
1455,1944/01/09,00:22:55,77,619
1456,1954/09/06,16:26:06,33,582
1457,1947/01/12,02:51:09,93,215
1458,1935/02/17,19:25:47,66,344
1459,1964/11/29,15:43:04,46,180
1460,1946/12/29,21:47:12,19,450
1461,1965/05/09,09:34:51,99,103
1462,1927/09/16,12:13:17,54,164
1463,1980/01/27,20:30:44,79,998
1464,1904/04/15,07:52:57,50,100
1465,1910/03/09,00:56:41,41,65
1466,1945/10/28,05:18:18,87,428
1467,1973/07/23,00:51:15,81,661
1468,1910/06/23,23:25:39,44,16
1469,1958/07/14,05:09:58,93,544
1470,1928/02/25,14:40:50,49,374
1471,1964/10/31,02:48:36,10,679
1472,1902/03/30,01:48:27,32,44
1473,1970/12/01,04:22:34,56,325
1474,1959/05/19,14:44:14,10,812
1475,1954/03/19,22:48:20,85,880
1476,1923/05/27,07:18:04,44,105
1477,1933/03/16,20:36:54,49,440
1478,1947/08/17,16:25:39,1,830
1479,1956/12/07,13:50:10,20,432
1480,1943/07/10,05:29:05,86,858
1481,1950/09/14,01:05:20,3,266
1482,1941/05/08,13:10:05,4,170
1483,1941/05/08,16:17:04,98,480
1484,1950/02/13,23:20:50,81,908
1485,1919/07/31,22:40:54,61,967
1486,1982/11/03,19:20:12,92,11
1487,1951/06/02,09:37:36,79,666
1488,1980/04/11,10:33:55,13,626
1489,1961/08/18,10:33:55,2,617
1490,1959/03/07,14:21:17,17,227
1491,1937/12/31,11:29:39,77,167
1492,1953/05/27,18:30:38,10,682
1493,1958/06/30,01:19:12,97,128
1494,1946/01/05,08:47:39,80,358
1495,1972/10/24,09:59:39,77,450
1496,1916/03/14,20:31:39,58,408
1497,1949/08/12,03:34:24,66,453
1498,1950/02/25,09:33:11,61,284
1499,1948/12/02,19:44:46,83,578
1500,1934/02/24,13:00:06,51,879
1501,1933/06/06,02:03:38,95,20
1502,1928/09/14,23:31:34,19,834
1503,1972/07/16,14:46:16,11,174
1504,1959/01/13,14:55:03,42,446
1505,0007/01/01,06:50:32,11,961
1506,1938/04/29,19:25:30,58,623
1507,1930/08/04,03:48:41,10,169
1508,1943/01/01,22:39:44,22,286
1509,1947/07/03,09:26:34,65,300
1510,1936/09/21,18:44:39,99,190
1511,1968/01/01,23:23:14,45,134
1512,1939/07/26,14:57:20,81,246
1513,1977/12/30,20:08:47,33,510
1514,1943/11/27,20:23:41,43,717
1515,1948/04/03,20:20:23,33,973
1516,1874/02/03,05:05:08,13,791
1517,1606/07/15,11:35:26,84,693
1518,1979/09/08,20:01:25,50,369
1519,1981/11/25,10:23:35,71,652
1520,1898/06/05,04:27:16,1,458
1521,1906/04/13,18:41:46,34,475
1522,1963/02/20,07:38:59,56,243
1523,1956/11/26,05:38:48,75,321
1524,1943/06/08,17:21:53,94,499
1525,1973/08/14,17:03:14,74,737
1526,1947/11/08,10:01:37,71,348
1527,1946/06/24,07:01:31,76,180
1528,1943/09/25,08:38:46,80,609
1529,1944/02/02,17:07:37,25,611
1530,1938/06/27,23:50:34,12,625
1531,1955/10/14,17:16:41,86,467
1532,1945/08/06,04:20:37,38,237
1533,1938/02/22,00:55:30,95,62
1534,1938/05/25,18:29:06,92,258
1535,1949/12/09,18:40:28,5,941
1536,1943/01/01,05:57:17,26,763
1537,1945/12/12,00:55:08,71,908
1538,1917/10/21,16:53:18,43,677
1539,1963/02/17,09:37:43,67,992
1540,1943/01/01,11:49:31,23,449
1541,1900/11/14,05:19:41,34,935
1542,1944/10/30,14:31:24,42,234
1543,1926/08/03,10:33:47,33,223
1544,1949/04/21,05:18:43,97,363
1545,1956/03/24,23:45:36,4,731
1546,1948/03/16,01:22:03,22,546
1547,1946/12/25,05:05:55,99,636
1548,1965/03/25,01:38:53,39,55
1549,1930/01/01,18:50:14,67,365
1550,1922/10/31,11:06:14,54,538
1551,1980/04/10,01:42:57,82,411
1552,1951/03/24,11:47:54,12,411
1553,1944/01/01,23:35:38,53,577
1554,1961/01/18,17:22:54,70,358
1555,1945/03/20,13:08:17,18,992
1556,1948/03/15,05:17:32,83,264
1557,1949/05/30,23:45:42,30,153
1558,1954/09/06,05:49:32,95,236
1559,1933/12/23,03:06:43,65,863
1560,1914/04/02,10:35:29,29,434
1561,1960/07/17,01:42:29,38,617
1562,1947/07/16,00:27:05,34,982
1563,1967/06/20,10:26:52,82,970
1564,1934/02/27,17:53:38,5,526
1565,1977/02/19,00:38:11,25,199
1566,1961/08/04,17:11:34,73,291
1567,1957/04/22,07:21:37,92,352
1568,1959/02/10,19:50:58,23,783
1569,1946/12/02,17:22:05,89,288
1570,1944/10/04,11:43:36,69,378
1571,1938/10/05,05:28:01,7,345
1572,1962/01/19,19:02:31,63,230
1573,1944/03/01,17:14:59,28,558
1574,1933/08/11,21:07:59,61,148
1575,1946/02/14,19:45:22,33,455
1576,1939/09/04,10:46:31,30,550
1577,1942/12/17,17:25:19,3,980
1578,1927/10/25,23:23:34,1,766
1579,1884/07/12,01:50:05,40,759
1580,1941/08/22,01:10:52,39,585
1581,1975/05/10,07:59:20,34,531
1582,1965/01/01,16:37:20,35,281
1583,1942/03/28,07:43:38,11,709
1584,1944/11/17,12:57:44,42,257
1585,1960/01/12,03:28:16,36,15
1586,1975/11/18,03:55:44,76,758
1587,1944/08/25,01:39:34,71,310
1588,1936/06/03,04:12:57,25,421
1589,1956/04/30,09:40:33,52,826
1590,1951/11/25,03:18:16,27,712
1591,1927/03/16,10:37:15,43,439
1592,1939/05/25,06:32:17,73,702
1593,1965/07/26,09:14:47,54,314
1594,1828/09/09,20:39:30,22,799
1595,1947/01/23,20:26:18,71,52
1596,1912/07/31,06:05:15,72,511
1597,1945/09/16,21:08:31,64,798
1598,1941/07/28,21:31:08,41,919
1599,1964/05/08,10:23:27,10,924
1600,1940/08/25,21:16:41,46,294
1601,1952/04/10,07:22:54,91,395
1602,1917/04/25,19:50:22,64,476
1603,1931/03/11,08:49:24,68,687
1604,1966/09/22,10:08:48,99,546
1605,1955/05/11,19:34:28,90,308
1606,1901/10/10,00:28:07,59,634
1607,1946/07/02,04:30:59,12,306
1608,1953/12/30,08:40:39,31,195
1609,1948/11/17,06:06:45,22,503
1610,1970/01/01,23:59:13,61,405
1611,1967/11/28,15:33:56,56,826
1612,1954/05/22,09:49:30,48,95
1613,1930/07/11,10:22:50,29,940
1614,1956/12/07,17:50:02,42,321
1615,1882/01/30,17:05:46,38,269
1616,1965/11/21,08:45:49,32,472
1617,1953/01/01,11:04:51,41,729
1618,1944/05/18,18:40:41,4,304
1619,1936/11/09,15:57:49,66,672
1620,1956/02/03,21:48:39,64,463
1621,1956/10/28,07:02:38,81,265
1622,1969/11/04,09:17:55,89,766
1623,1953/06/24,16:28:48,42,281
1624,1926/11/07,00:38:04,66,347
1625,1969/09/12,10:50:18,16,306
1626,1898/08/29,05:37:09,72,178
1627,1972/07/16,19:20:05,33,564
1628,1954/09/28,15:12:45,36,419
1629,1961/08/27,07:53:28,25,612
1630,1929/08/21,07:28:33,86,100
1631,1961/09/23,10:48:59,45,732
1632,1914/03/13,12:29:31,3,20
1633,1942/04/24,18:06:49,79,927
1634,1946/11/06,21:51:53,37,909
1635,1960/08/04,05:32:17,76,16
1636,1905/09/18,09:32:17,45,209
1637,1936/08/24,02:11:51,100,894
1638,1952/07/24,12:45:07,87,727
1639,1943/11/12,11:35:21,7,61
1640,1944/10/04,15:04:18,1,942
1641,1952/02/19,11:29:13,90,79
1642,1914/04/04,19:42:00,5,946
1643,1970/01/01,01:58:07,71,379
1644,1980/01/25,12:59:10,76,264
1645,1935/10/12,06:14:03,71,644
1646,1919/07/31,20:06:00,83,17
1647,1947/07/18,13:16:53,56,1000
1648,1943/12/14,11:07:50,54,611
1649,1928/12/07,13:12:00,34,163
1650,1946/01/01,09:25:30,92,151
1651,1979/02/09,10:01:11,63,49
1652,1928/04/04,06:24:58,65,161
1653,1743/04/13,18:08:32,32,801
1654,1923/12/13,18:53:37,59,593
1655,1937/08/25,14:43:29,39,736
1656,1976/11/06,08:03:03,11,275
1657,1942/10/13,18:16:32,39,725
1658,1956/12/29,17:22:01,57,281
1659,1942/01/17,20:04:24,100,424
1660,1972/07/22,10:53:12,43,182
1661,1902/12/05,23:56:28,11,384
1662,1958/07/29,09:41:14,50,484
1663,1943/06/17,02:29:15,57,572
1664,1927/07/04,21:12:24,17,685
1665,1949/08/02,03:02:32,63,378
1666,1954/10/23,17:03:33,79,809
1667,1963/12/18,00:11:59,44,966
1668,1964/12/04,14:12:20,66,318
1669,1953/02/21,10:38:18,100,559
1670,1921/11/24,12:39:03,14,287
1671,1965/09/09,05:17:43,37,827
1672,1949/10/24,00:24:29,51,218
1673,1955/06/16,19:58:41,5,232
1674,1946/12/10,21:59:28,85,322
1675,1936/11/19,20:53:58,36,588
1676,1937/12/07,11:33:09,26,158
1677,1961/09/07,08:49:36,53,966
1678,1976/04/02,14:47:40,17,218
1679,1946/03/28,00:24:02,100,753
1680,1951/05/04,13:13:50,51,88
1681,1970/02/08,04:17:03,62,393
1682,1974/06/02,20:57:06,23,784
1683,1935/12/30,02:06:38,29,327
1684,1937/10/17,16:13:42,22,591
1685,1843/04/05,08:06:14,62,718
1686,1953/10/24,00:10:52,86,189
1687,1949/01/13,09:47:28,29,40
1688,1942/05/14,20:07:57,58,587
1689,1957/01/07,12:19:01,33,543
1690,1944/11/24,01:44:01,60,865
1691,1964/07/26,08:42:49,95,122
1692,1942/12/17,13:19:37,2,197
1693,1944/03/26,17:52:36,100,972
1694,1941/07/01,19:15:17,14,261
1695,1968/02/15,14:52:06,81,984
1696,1942/08/19,04:07:25,12,988
1697,1949/07/29,12:01:15,53,382
1698,1960/06/28,01:27:16,50,54
1699,1900/12/16,11:55:10,25,973
1700,1956/02/24,18:50:46,74,701
1701,1889/09/26,22:07:18,4,796
1702,1954/01/15,05:27:38,40,591
1703,1950/06/20,07:06:17,39,193
1704,1923/06/17,01:12:08,93,277
1705,1971/09/12,13:55:18,52,718
1706,1945/01/01,23:13:39,70,649
1707,1958/02/26,04:55:07,1,706
1708,1950/06/14,10:07:25,34,149
1709,1964/11/25,06:55:48,15,231
1710,1966/01/03,08:37:41,30,41
1711,1946/11/28,01:05:30,19,388
1712,1925/05/19,00:55:17,56,705
1713,1986/12/07,02:35:02,49,719
1714,1969/06/15,20:24:03,70,983
1715,1947/04/18,12:09:47,14,172
1716,1921/07/18,18:06:54,28,662
1717,1926/08/17,15:03:45,67,789
1718,1973/02/28,16:33:31,61,503
1719,1956/02/06,23:22:54,5,974
1720,1932/05/07,17:20:00,35,687
1721,1946/12/18,16:03:34,54,12
1722,1948/11/26,09:31:46,53,525
1723,1862/01/24,17:46:20,100,495
1724,1945/10/26,10:25:59,90,412
1725,1963/02/23,03:24:41,90,396
1726,1945/06/17,00:02:45,10,154
1727,1953/12/17,09:06:37,73,77
1728,1949/01/12,13:28:45,81,599
1729,1952/08/05,19:54:43,68,809
1730,1953/05/06,00:30:16,11,598
1731,1965/07/04,01:07:12,93,355
1732,1979/12/27,01:16:18,97,890
1733,1953/01/13,09:14:54,48,144
1734,1945/01/07,12:42:00,64,585
1735,1965/04/02,16:22:50,27,529
1736,1908/11/12,08:14:22,93,738
1737,1943/03/09,20:51:29,52,877
1738,1941/05/23,22:09:42,26,882
1739,1927/03/27,13:38:28,36,649
1740,1931/08/18,02:28:16,40,145
1741,1930/08/19,04:12:57,100,186
1742,1947/03/05,20:34:35,68,643
1743,1947/02/13,14:26:38,20,77
1744,1967/12/16,05:43:08,64,188
1745,1952/02/05,08:30:56,83,81
1746,1961/06/09,16:42:12,80,255
1747,1966/04/14,16:07:24,45,877
1748,1960/01/01,03:57:48,83,489
1749,1931/11/12,02:28:30,91,186
1750,1968/01/23,07:06:51,98,857
1751,1955/06/01,05:18:52,94,645
1752,1822/04/27,09:37:50,55,451
1753,1922/10/31,15:35:41,84,647
1754,1939/06/09,09:52:00,16,138
1755,1972/02/23,11:01:44,5,827
1756,1958/12/25,04:33:10,37,525
1757,1918/08/25,08:09:50,85,773
1758,1958/10/16,23:22:45,53,943
1759,1978/06/19,11:51:03,2,918
1760,1959/04/03,13:53:13,71,112
1761,1946/12/26,00:07:08,56,869
1762,1975/02/09,23:13:11,73,437
1763,1934/11/12,20:14:55,13,146
1764,1976/11/06,15:49:26,36,626
1765,1913/03/01,15:27:57,34,384
1766,1948/03/14,19:01:08,88,675
1767,1958/07/14,18:56:06,20,105
1768,1979/11/18,20:40:11,97,644
1769,1933/02/01,10:53:55,100,25
1770,1909/11/18,21:25:36,56,458
1771,1937/07/05,16:36:59,91,509
1772,1931/07/10,10:18:33,88,119
1773,1963/08/10,19:55:03,1,299
1774,1949/06/15,05:35:33,80,27
1775,1962/03/17,23:15:32,15,745
1776,1940/10/04,16:36:10,76,579
1777,1956/08/14,21:50:40,64,827
1778,1977/12/07,18:43:20,21,37
1779,1935/02/27,06:00:04,73,734
1780,1956/02/12,12:01:49,12,629
1781,1956/02/09,22:35:18,65,80
1782,1949/01/01,20:46:08,35,345
1783,1948/06/18,18:55:57,60,481
1784,1944/12/15,16:51:21,78,827
1785,1941/05/24,12:32:48,48,638
1786,1919/07/20,02:47:27,34,300
1787,1947/07/18,15:07:43,96,617
1788,1972/10/28,20:33:06,33,815
1789,1945/01/07,00:26:01,74,986
1790,1954/10/23,06:44:59,17,33
1791,1941/01/17,07:27:20,95,319
1792,1957/09/12,16:01:03,20,381
1793,1943/03/09,23:09:55,10,728
1794,1926/05/26,16:35:50,8,113
1795,1942/12/27,05:51:19,5,864
1796,1920/07/04,20:04:05,9,825
1797,1914/04/02,01:24:14,52,760
1798,1967/06/15,00:55:15,78,207
1799,1939/10/08,16:19:36,83,436
1800,1941/10/04,07:16:29,25,729
1801,1910/06/23,21:22:39,92,654
1802,1957/12/29,12:26:01,41,853
1803,1912/12/22,09:27:54,100,73
1804,1942/01/05,03:33:23,66,307
1805,1971/04/15,07:15:27,41,696
1806,1946/06/02,05:57:30,90,564
1807,1928/06/20,05:22:41,9,915
1808,1953/05/16,07:27:56,99,524
1809,1922/11/14,01:15:26,9,473
1810,1948/11/24,22:42:43,17,876
1811,1969/01/19,04:22:52,95,490
1812,1864/06/11,13:46:44,61,157
1813,1973/04/14,07:11:07,2,564
1814,1920/08/03,20:23:43,25,434
1815,1960/04/06,05:45:52,52,182
1816,1924/12/25,09:05:17,63,195
1817,1940/01/28,02:22:19,75,260
1818,1967/07/14,09:50:14,26,903
1819,1973/02/04,12:56:55,99,631
1820,1948/12/12,23:01:35,88,475
1821,1902/01/09,12:03:40,65,312
1822,1941/10/13,15:31:40,16,946
1823,1908/07/08,10:39:12,93,189
1824,1961/01/01,23:50:25,77,104
1825,1952/01/01,04:16:46,16,261
1826,1943/08/17,05:25:33,80,836
1827,1920/06/28,18:12:48,1,486
1828,1955/02/22,07:21:44,85,202
1829,1963/06/15,14:56:41,10,651
1830,1843/04/05,06:00:20,67,211
1831,1931/06/18,22:51:51,98,151
1832,1938/07/29,20:12:13,50,651
1833,1953/02/19,16:18:12,44,616
1834,1937/12/29,14:08:25,43,70
1835,1954/09/08,09:51:20,72,995
1836,1941/11/15,00:12:32,2,647
1837,1945/03/07,16:23:44,73,722
1838,1945/11/11,04:45:35,21,661
1839,1962/03/14,14:30:38,57,47
1840,1942/05/10,16:33:46,70,585
1841,1935/07/17,14:46:46,100,703
1842,1964/04/07,23:33:36,96,274
1843,1889/03/12,20:08:08,20,118
1844,1954/08/17,22:59:11,23,550
1845,1957/01/13,14:51:15,17,385
1846,1961/03/26,19:37:18,64,192
1847,1904/02/16,17:29:56,9,993
1848,1949/01/10,15:52:04,11,327
1849,1971/06/05,02:49:12,68,254
1850,1834/07/19,09:52:13,72,782
1851,1929/05/04,07:25:57,31,199
1852,1967/12/07,17:22:06,76,775
1853,1979/03/11,14:51:41,50,243
1854,1965/02/22,12:34:10,39,520
1855,1956/03/24,08:26:59,83,35
1856,1946/05/04,15:08:22,100,86
1857,1856/12/28,09:58:42,100,479
1858,1903/09/25,13:52:35,82,810
1859,1937/08/25,02:42:23,76,787
1860,1963/07/24,05:34:58,57,713
1861,1934/12/09,17:18:59,90,277
1862,1957/10/04,19:52:38,7,242
1863,1961/01/27,02:25:56,97,741
1864,1943/12/19,18:56:45,71,223
1865,1911/06/30,08:52:56,77,819
1866,1935/10/12,13:00:44,5,514
1867,1965/11/30,16:01:49,35,429
1868,1969/03/09,21:18:18,24,954
1869,1965/01/06,21:05:23,93,512
1870,1973/05/09,00:54:56,3,71
1871,1981/08/08,17:41:34,36,761
1872,1949/11/17,00:44:04,29,575
1873,1939/04/07,22:16:13,23,658
1874,1969/06/20,16:57:45,27,97
1875,1893/04/20,05:36:58,98,238
1876,1932/11/04,09:09:34,87,818
1877,1917/05/03,22:32:18,35,692
1878,1935/05/17,11:28:01,96,191
1879,1942/06/15,02:38:29,40,173
1880,1953/07/20,22:57:57,37,179
1881,1939/03/31,03:46:53,67,854
1882,1910/06/23,07:29:18,25,245
1883,1954/12/28,13:08:12,4,622
1884,1974/02/12,23:25:31,23,654
1885,1962/01/17,07:25:31,88,390
1886,1957/07/18,23:47:10,50,373
1887,1940/12/12,13:41:37,69,221
1888,1947/02/03,23:47:36,85,275
1889,1960/09/10,23:26:39,17,700
1890,1937/07/05,21:36:55,81,233
1891,1950/10/31,07:38:13,40,346
1892,1917/07/12,19:01:57,79,114
1893,1948/12/24,01:58:17,98,555
1894,1943/05/10,03:28:11,65,184
1895,1956/02/24,19:51:44,7,826
1896,1909/04/13,17:17:47,81,665
1897,1970/03/19,17:01:45,69,315
1898,1933/08/23,17:23:38,23,788
1899,1944/10/04,13:16:46,5,28
1900,1972/03/24,07:25:25,60,557
1901,1951/10/26,09:37:59,49,243
1902,1992/11/23,11:49:25,18,15
1903,1945/10/23,20:38:11,77,366
1904,1928/03/29,02:41:54,79,626
1905,1952/12/15,04:08:39,57,924
1906,1931/03/04,15:01:07,61,229
1907,1954/05/20,22:43:08,26,446
1908,1952/03/02,09:14:17,87,392
1909,1936/12/29,15:42:27,16,312
1910,1941/01/09,02:05:36,4,915
1911,1947/11/28,03:54:10,32,902
1912,1958/07/08,14:37:33,57,154
1913,1885/10/30,21:36:03,60,249
1914,1960/04/02,06:29:33,36,746
1915,1950/04/04,08:29:11,30,63
1916,1975/04/07,09:25:27,51,909
1917,1920/01/04,03:34:36,64,758
1918,1938/05/03,19:35:19,60,23
1919,1783/04/03,00:27:32,52,487
1920,1921/06/08,23:01:56,7,483
1921,1944/02/16,16:30:11,79,727
1922,1941/06/19,02:06:05,38,778
1923,1930/05/11,21:36:24,4,22
1924,1970/09/21,09:26:12,73,874
1925,1958/10/13,16:07:32,54,113
1926,1948/02/28,20:34:09,74,106
1927,1965/08/24,08:21:30,96,10
1928,1865/12/30,23:14:27,95,661
1929,1941/12/08,10:55:32,74,140
1930,1960/04/02,22:49:14,1,658
1931,1955/01/28,16:04:50,62,699
1932,1960/07/25,06:19:23,58,446
1933,1970/01/01,20:09:04,16,682
1934,1945/08/14,09:30:42,94,186
1935,1947/09/08,05:52:45,65,217
1936,1937/03/30,09:59:40,36,198
1937,1925/05/12,08:43:03,74,762
1938,1947/01/23,14:21:33,27,628
1939,1922/04/22,10:29:45,40,482
1940,1894/05/11,04:40:37,69,842
1941,1959/01/27,02:47:10,15,450
1942,1821/11/11,07:21:25,97,144
1943,1966/04/22,14:30:10,45,624
1944,1967/12/07,16:12:37,1,738
1945,1971/02/24,14:33:51,3,579
1946,1919/10/17,10:53:48,93,727
1947,1922/10/27,10:22:15,37,248
1948,1951/09/04,09:28:22,90,175
1949,1977/12/29,14:14:07,53,686
1950,1893/10/14,21:35:37,42,329
1951,1923/12/21,20:24:25,95,630
1952,1967/12/07,16:16:29,63,466
1953,1947/03/18,18:41:18,94,779
1954,1972/03/24,04:57:44,83,716
1955,1947/05/19,16:40:48,31,244
1956,1964/12/07,12:54:19,89,261
1957,1959/08/25,11:46:41,31,442
1958,1968/01/01,15:51:04,66,530
1959,1950/01/13,13:33:47,100,434
1960,1887/07/07,10:32:31,94,279
1961,1930/04/03,14:45:02,75,898
1962,1873/12/07,07:44:50,96,213
1963,1945/11/22,16:11:43,98,959
1964,1968/09/13,06:41:56,2,585
1965,1890/09/15,17:46:24,39,63
1966,1946/05/04,11:43:37,41,474
1967,1940/01/01,22:00:23,51,86
1968,1961/04/03,20:36:34,17,791
1969,1911/06/30,20:41:25,10,328
1970,1963/10/30,06:17:43,16,199
1971,1948/11/04,01:13:20,88,469
1972,1940/05/15,03:41:44,87,988
1973,1945/01/07,21:30:05,69,918
1974,1971/07/19,04:22:45,19,251
1975,1947/05/18,00:56:32,44,824
1976,1934/09/28,20:35:56,2,5
1977,1963/06/26,08:29:32,84,120
1978,1940/01/21,16:57:58,44,545
1979,1953/01/01,20:11:04,33,891
1980,1957/09/09,17:37:43,6,905
1981,1954/06/19,22:54:36,88,106
1982,1952/10/08,09:20:52,16,880
1983,1953/10/20,20:06:12,67,517
1984,1950/07/13,01:47:00,64,91
1985,1968/05/30,20:10:49,14,734
1986,1941/03/01,14:37:34,2,857
1987,1958/05/12,09:01:53,54,808
1988,1953/07/29,03:24:22,37,726
1989,1939/09/04,18:40:15,61,635
1990,1923/01/31,18:59:04,25,894
1991,1925/08/15,18:24:21,97,197
1992,1942/03/26,20:27:09,2,451
1993,1954/01/01,18:24:34,40,450
1994,1949/11/29,03:27:55,79,388
1995,1955/03/19,05:18:27,45,573
1996,1957/04/05,23:20:50,88,848
1997,1932/01/01,01:07:02,13,734
1998,1979/03/11,15:39:07,18,317
1999,1969/05/27,15:44:39,67,66
2000,1951/07/06,21:05:18,65,760
